municipality,m2_price,population,pop_density,size,avg_income,homes_per_capita,unemp_rate,net_labor_participation,multy_family,distance_to_urban_center,station_count,traffic,has_station
Aa en Hunze,2246.0163934426228,25724.0,93.0,27606.0,36.7,0.4442543927849479,2.7,71.4,8.575428771438572,27.50573970300652,0,,0
Aalsmeer,4258.523809523809,33063.0,1645.0,2010.0,41.5,0.4071015939267459,3.1,78.4,21.931649331352155,15.790942415780567,0,,0
Aalten,2276.5,27244.0,282.0,9653.0,34.1,0.44648362942299225,2.7,73.9,17.790200591910555,93.85344774827088,1,68.0,1
Achtkarspelen,2251.9225352112676,28149.0,275.0,10221.0,31.2,0.4365696827596007,3.2,72.2,12.490845471559933,28.21505295157997,1,95.0,1
Alblasserdam,3302.3119266055046,20356.0,2320.0,877.0,35.2,0.4150618982118294,3.1,75.6,31.743401585986508,14.469833577712933,0,,0
Albrandswaard,3630.705426356589,26357.0,1217.0,2167.0,41.8,0.40710247752020334,3.0,76.4,19.440820130475302,8.533938173688913,0,,0
Alkmaar,3782.8653846153848,111834.0,1014.0,11031.0,35.0,0.4776454387753277,3.4,73.1,37.29149896100492,26.772804362399423,2,176.0,1
Almelo,2555.8166666666666,73949.0,1101.0,6718.0,31.5,0.46068236216852154,4.0,70.7,28.693457011183842,97.04999484182952,2,179.5,1
Almere,3756.9115044247787,222825.0,1725.0,12918.0,35.5,0.4070010097610232,4.1,73.5,29.068254493328922,23.238827534500565,6,198.33333333333334,1
Alphen aan den Rijn,3460.9827586206898,114182.0,907.0,12593.0,37.3,0.4381688882661015,3.0,76.0,35.711858647638465,23.728106178443777,2,163.5,1
Alphen-Chaam,2700.7602339181285,10463.0,113.0,9298.0,40.0,0.431711746153111,2.6,73.1,11.15784812928935,40.92021089877641,0,,0
Altena,2890.7357142857145,57726.0,289.0,19974.0,37.5,0.40189862453660397,2.6,75.6,12.581896551724137,36.6595570002709,0,,0
Ameland,2454.5416666666665,3840.0,68.0,5659.0,47.5,0.48411458333333335,2.9,74.6,20.763851533082303,60.50234108626485,0,,0
Amersfoort,4160.9375,160759.0,2572.0,6249.0,37.6,0.43992560292114286,3.6,76.4,37.583778739289045,20.195481300237503,4,253.5,1
Amstelveen,5697.981481481482,94418.0,2297.0,4111.0,40.7,0.4541506916054142,4.1,73.8,51.7607276119403,9.440665154583757,0,,0
Amsterdam,7378.714285714285,918117.0,4880.0,18812.0,36.8,0.517217304548331,5.0,72.9,87.36254016922669,0.4484067223779206,11,343.3636363636364,1
Apeldoorn,3396.875,167191.0,492.0,33986.0,35.3,0.44916293341148744,3.3,73.8,29.365079365079367,55.65205614368325,3,118.0,1
Arnhem,3549.173076923077,165770.0,1696.0,9774.0,31.7,0.4814924292694697,4.0,72.5,48.99081649272711,53.710539806357104,4,230.5,1
Assen,2807.563025210084,69414.0,848.0,8188.0,32.8,0.4753796064194543,3.6,72.4,30.168495060306682,24.223010947632623,1,150.0,1
Asten,2715.432098765432,17242.0,246.0,7021.0,35.8,0.41903491474306925,2.9,74.3,14.643598615916956,22.38614396603467,0,,0
Baarle-Nassau,2400.128834355828,7071.0,93.0,7612.0,35.8,0.41889407438834675,2.9,69.7,13.943281566509116,39.502383326433964,0,,0
Baarn,4568.372881355932,25008.0,769.0,3254.0,41.5,0.47144913627639157,3.3,72.9,34.130619168787106,15.868620921516381,1,139.0,1
Barendrecht,3673.3700787401576,48812.0,2493.0,1958.0,41.0,0.40461361960173725,3.2,75.4,27.29113924050633,8.912705364370636,1,122.0,1
Barneveld,3594.889705882353,61655.0,351.0,17584.0,37.4,0.38238585678371584,2.8,77.9,21.76789955887343,36.38749146626961,3,114.0,1
Beek,2254.2108843537417,16132.0,766.0,2107.0,35.7,0.46782791966278203,3.1,70.7,24.65880482310852,12.404494808586719,1,49.0,1
Beekdaelen,2034.4545454545455,35966.0,459.0,7830.0,35.8,0.46613468275593617,2.9,69.8,15.013420817178647,17.04746210637929,2,49.0,1
Beesel,2426.3380281690143,13449.0,482.0,2788.0,33.4,0.45319354598854933,3.1,71.6,15.110746513535686,45.48168172192202,1,71.0,1
Berg en Dal,3167.5407407407406,35420.0,410.0,8639.0,35.1,0.4540372670807453,3.0,70.5,19.991294615097623,55.42977307464937,0,,0
Bergeijk,2455.3953488372094,19092.0,189.0,10102.0,39.2,0.4308087156924366,2.7,74.4,13.082066869300913,15.322212048905735,0,,0
Bergen (L.),2138.9240506329115,13119.0,127.0,10326.0,34.2,0.4448509794953884,3.0,71.5,7.042494859492804,47.25844743171804,0,,0
Bergen (NH.),5252.396946564885,30138.0,304.0,9900.0,43.6,0.5134050036498772,3.0,68.9,28.617591934337234,36.514954894352385,0,,0
Bergen op Zoom,2796.603305785124,68864.0,861.0,7997.0,34.4,0.45743784851301117,3.6,70.3,30.224437319450175,48.63954548367168,1,109.0,1
Berkelland,2606.064935064935,44022.0,171.0,25809.0,34.6,0.45068374903457364,2.8,72.6,19.243951612903228,99.01754279009788,1,62.0,1
Bernheze,3064.1666666666665,32263.0,360.0,8973.0,38.9,0.4062548430090196,2.7,75.4,12.230106050202181,29.299501088657852,0,,0
Best,3207.205673758865,30897.0,912.0,3389.0,38.5,0.4316600317182898,3.1,75.6,20.16195546224788,11.268529477877863,1,121.0,1
Beuningen,3083.3868613138684,26573.0,609.0,4360.0,37.3,0.4286681970421104,3.1,74.5,15.626371696953736,49.24702591438428,0,,0
Beverwijk,3737.181818181818,42711.0,2327.0,1835.0,34.1,0.46606260682259837,3.6,73.8,45.40339596101678,21.24547844747138,1,77.0,1
De Bilt,4677.3,43884.0,663.0,6619.0,44.1,0.4531036368608149,3.3,73.1,35.33494266747134,6.702159939086262,2,104.5,1
Bladel,2869.3896103896104,21009.0,279.0,7533.0,37.4,0.4341472702175258,2.8,75.6,17.08146036618792,16.52190268387723,0,,0
Blaricum,6295.641176470588,12490.0,1128.0,1107.0,62.8,0.43018414731785426,3.0,71.9,13.5678391959799,23.099338906703814,0,,0
Bloemendaal,6559.120481927711,23922.0,602.0,3977.0,74.3,0.4289775102416186,3.1,72.3,27.64568310270902,21.651777766706047,2,77.5,1
Bodegraven-Reeuwijk,3508.5801526717555,36308.0,482.0,7540.0,40.6,0.4151702104219456,2.9,75.7,20.279952235637523,24.488730064821272,1,105.0,1
Boekel,2605.0175438596493,11163.0,324.0,3450.0,38.7,0.40472991131416286,2.7,76.8,13.014608233731739,25.935864223604735,0,,0
Borger-Odoorn,2300.0333333333333,25919.0,94.0,27469.0,34.1,0.44106639916663454,2.9,70.5,7.995101469559132,40.42159296902862,0,,0
Borne,2648.2587412587413,24524.0,944.0,2599.0,36.6,0.42028217256565,2.9,75.5,14.786067720966333,101.64550126327033,1,79.0,1
Borsele,2293.183673469388,23159.0,164.0,14147.0,36.4,0.4324452696575845,2.6,75.0,7.728407388916625,70.2503052284768,0,,0
Boxtel,3161.2836879432625,33748.0,489.0,6901.0,37.1,0.4358480502548299,3.0,74.3,26.5211775103678,20.08853592815738,1,127.0,1
Breda,3737.264957264957,186438.0,1483.0,12569.0,36.1,0.46517877256782414,3.7,74.2,39.95410887036333,42.41799838918203,2,163.5,1
Bronckhorst,2767.7345679012346,36277.0,128.0,28353.0,38.1,0.45133280039694573,2.6,72.5,17.058572039333047,81.05393147066654,1,62.0,1
Brummen,2915.091603053435,21105.0,252.0,8363.0,36.5,0.4570954750059228,2.9,72.8,12.293977402301232,68.12577000167342,2,60.0,1
Brunssum,2032.808,27682.0,1606.0,1724.0,30.9,0.5242395780651687,3.7,66.5,30.492006615214994,22.719891210843407,0,,0
Bunnik,4077.607407407407,16026.0,434.0,3693.0,41.2,0.4220641457631349,2.8,76.6,18.125369603784744,8.350846398667738,1,86.0,1
Bunschoten,3534.064,22500.0,740.0,3039.0,37.9,0.39222222222222225,2.7,77.6,21.439093484419264,23.119716140514264,0,,0
Buren,3097.4493670886077,27725.0,208.0,13360.0,39.0,0.4012623985572588,2.7,75.0,7.721348314606742,25.682227296083934,0,,0
Capelle aan den IJssel,3549.4077669902913,67552.0,4777.0,1414.0,34.5,0.4661297963050687,4.1,71.2,55.50050813008131,7.286224080795859,1,78.0,1
Castricum,3970.1147540983607,36345.0,732.0,4964.0,41.1,0.44969046636401155,2.8,74.1,22.90748898678414,25.858057866268293,1,195.0,1
Coevorden,2444.4444444444443,35700.0,121.0,29611.0,33.8,0.4452380952380952,3.0,69.4,13.324944951242529,54.42501384610618,2,63.5,1
Cranendonck,2575.99358974359,20851.0,273.0,7650.0,36.6,0.4383003213275143,2.9,71.2,9.508698982383192,17.817330516095986,1,59.0,1
Culemborg,3560.2916666666665,29729.0,1016.0,2927.0,36.4,0.43805711594739144,3.2,74.1,25.332104737771633,17.172261826082536,1,168.0,1
Dalfsen,2889.8662420382166,29612.0,179.0,16502.0,36.7,0.41645278940969876,2.6,76.4,13.712293220888744,80.72179012927899,1,82.0,1
Dantumadiel,2260.2312925170068,19194.0,227.0,8460.0,31.6,0.43049911430655413,3.1,71.8,9.778530799951591,39.37511952509529,2,87.5,1
Delft,4411.102272727273,106086.0,4681.0,2266.0,29.7,0.4978602266086006,4.6,72.0,67.1008785216601,9.100448748682293,2,234.0,1
Deurne,2544.0925925925926,32977.0,282.0,11676.0,35.5,0.4339994541650241,2.9,74.0,14.721911682504194,25.315646570185585,1,144.0,1
Deventer,3253.6814159292035,102781.0,787.0,13056.0,33.3,0.4574289022290112,3.6,73.3,32.8384558119749,78.45215920339288,2,162.0,1
Diemen,5674.8,32785.0,2744.0,1195.0,35.1,0.4867774897056581,4.2,73.9,64.1017607619525,6.533264237681883,2,131.0,1
Dijk en Waard,3376.361344537815,88985.0,1438.0,6190.0,36.5,0.4209585885261561,3.1,74.9,21.22587362182653,35.3718308828878,1,159.0,1
Dinkelland,2403.109090909091,26743.0,152.0,17572.0,38.4,0.4182776801405975,2.6,75.2,14.920436259610225,97.00581260103611,0,,0
Doesburg,2966.7049180327867,11081.0,959.0,1156.0,32.8,0.48551574767620254,3.5,67.4,22.230483271375466,70.60775366286177,0,,0
Doetinchem,2908.9761904761904,59195.0,749.0,7904.0,34.1,0.45334910043077964,3.2,72.8,25.05589506632881,80.94454146274435,4,97.75,1
Dongen,2996.485294117647,27200.0,930.0,2923.0,36.5,0.4313235294117647,2.8,75.7,16.331401295601772,42.26634997813468,0,,0
Dordrecht,3240.875,121434.0,1566.0,7756.0,34.3,0.4660638700858079,3.7,72.0,44.262845430772494,22.415221293613723,3,238.0,1
Drechterland,3037.4794520547944,20385.0,346.0,5888.0,38.1,0.42197694383124845,2.8,74.3,11.880957916763544,37.41655465483232,1,83.0,1
Drimmelen,2827.0699300699303,27994.0,295.0,9505.0,37.6,0.43516467814531684,2.7,75.0,13.257264816943032,31.58469431223559,0,,0
Dronten,2897.0814814814817,43593.0,131.0,33360.0,35.1,0.4208015048287569,3.1,74.6,13.622982991713911,56.094483157956574,1,77.0,1
Druten,2770.176056338028,19505.0,520.0,3752.0,36.0,0.43235067931299664,2.8,74.8,18.29716589588521,41.22265871076654,0,,0
Duiven,2957.2109375,24937.0,736.0,3388.0,35.9,0.4356979588563179,3.0,74.3,13.83341003221353,63.32896995207005,1,107.0,1
Echt-Susteren,2024.61875,31967.0,310.0,10302.0,34.6,0.4664497763318422,3.1,68.7,15.954664341761116,30.169213000896153,2,68.5,1
Edam-Volendam,3138.203125,36760.0,677.0,5432.0,40.2,0.4264961915125136,2.6,74.6,13.592294935578517,20.78526352589761,0,,0
Ede,3573.233333333333,122012.0,384.0,31815.0,36.4,0.423876340032128,3.1,75.7,32.51092462972272,41.45822972924833,4,123.0,1
Eemnes,3481.17037037037,9598.0,309.0,3104.0,40.9,0.42977703688268387,2.9,75.0,10.303030303030303,20.866771761508023,0,,0
Eemsdelta,1836.1702127659576,45394.0,169.0,26807.0,31.0,0.5196061153456404,3.7,68.1,20.248441938355874,21.807330148087274,5,61.2,1
Eersel,2997.626506024096,20004.0,243.0,8247.0,40.5,0.4330133973205359,2.6,75.5,17.063033941353037,10.690952878342332,0,,0
Eijsden-Margraten,2346.7251461988303,25991.0,335.0,7756.0,38.6,0.441999153553153,2.8,71.6,15.215877437325906,8.015425791865475,1,34.0,1
Eindhoven,3743.287037037037,243730.0,2769.0,8802.0,33.3,0.48550855454806546,4.1,73.9,40.75279085293198,3.007639412129022,2,281.0,1
Elburg,3037.5736434108526,24037.0,377.0,6382.0,35.2,0.40608228980322003,2.8,76.2,15.264829423214834,61.13067970355045,1,74.0,1
Emmen,2253.507575757576,108765.0,324.0,33533.0,31.5,0.4627591596561394,3.5,67.8,20.517762059922116,58.55049560472552,3,75.0,1
Enkhuizen,3041.8125,18885.0,1491.0,1266.0,34.8,0.4727032036007413,3.3,72.8,26.64949031029461,45.990299002378194,1,81.0,1
Enschede,3093.03738317757,161235.0,1146.0,14073.0,29.2,0.47792972989735477,4.4,70.3,37.0560220091099,112.97458495233305,4,114.0,1
Epe,3588.0,33283.0,213.0,15612.0,37.0,0.44599345010966557,2.8,73.0,21.53058474804635,62.45979163927692,0,,0
Ermelo,3740.0763358778627,27496.0,321.0,8564.0,37.5,0.4235888856560954,2.9,73.7,23.499613634412295,43.27377462520007,1,71.0,1
Etten-Leur,3185.818897637795,44578.0,806.0,5529.0,35.6,0.4434025752613397,3.2,73.8,20.105231205099667,40.30491935641916,1,77.0,1
De Fryske Marren,2393.4934210526317,51992.0,148.0,35121.0,35.1,0.4537813509770734,3.1,72.6,9.392616454032975,65.59968520322967,0,,0
Geertruidenberg,3019.859375,22099.0,831.0,2660.0,35.7,0.4579392732702837,2.8,75.2,21.679841897233203,37.60182704603099,0,,0
Geldrop-Mierlo,3266.5112781954886,40441.0,1304.0,3101.0,36.8,0.45270888454785985,3.3,73.5,22.017697181559974,8.655620995181726,1,59.0,1
Gemert-Bakel,2659.266666666667,31383.0,257.0,12207.0,35.3,0.41388649906000063,2.8,74.5,15.012703056432366,24.092427214843518,0,,0
Gennep,2595.0204081632655,17764.0,373.0,4757.0,34.6,0.4337424003602792,3.2,71.9,13.251135626216742,47.530115228837225,0,,0
Gilze en Rijen,3062.8030303030305,26815.0,410.0,6538.0,35.3,0.42916278202498603,2.9,73.8,15.415363225582205,40.54459132866228,1,63.0,1
Goeree-Overflakkee,2997.4263565891474,51590.0,197.0,26220.0,36.9,0.43737158364024037,2.7,75.4,14.146427938308811,31.16079436735829,0,,0
Goes,2849.818181818182,39433.0,426.0,9248.0,34.9,0.483757259148429,2.8,73.8,26.252883204026002,63.02298899804319,1,114.0,1
Goirle,3429.810218978102,24177.0,563.0,4297.0,37.8,0.4368201182942466,2.9,73.1,16.29580532146577,31.323537633416457,0,,0
Gooise Meren,5293.2338709677415,60341.0,1456.0,4143.0,46.3,0.45723471603055965,3.3,75.1,32.45378760420442,17.168525974838353,2,148.0,1
Gorinchem,3733.3867924528304,38461.0,2055.0,1871.0,37.7,0.462520475286654,3.4,74.0,43.628084771488,29.676546077729686,1,113.0,1
Gouda,3559.0686274509803,75316.0,4565.0,1650.0,34.9,0.4577646184077752,3.5,73.0,41.75247266293471,18.440703576835446,2,318.5,1
's-Gravenhage,4400.946808510638,562839.0,6827.0,8244.0,33.8,0.48010176977785834,4.7,69.3,78.74583672563097,0.25733695520084854,4,294.0,1
Groningen,3397.3883495145633,238147.0,1284.0,18553.0,28.7,0.5152909757418738,4.8,71.2,60.99009900990099,3.634166000012917,4,242.0,1
Gulpen-Wittem,2208.9937888198756,14210.0,194.0,7318.0,35.8,0.48501055594651654,3.0,67.4,21.140452698781196,15.785624980182005,0,,0
Haaksbergen,2582.9444444444443,24502.0,234.0,10478.0,35.3,0.4353114031507632,2.9,73.6,17.185449090568163,111.88248625705948,0,,0
Haarlem,5022.663366336634,165396.0,5662.0,2921.0,37.6,0.4715954436624828,3.7,75.1,50.532051282051285,17.498666615974525,2,259.5,1
Haarlemmermeer,4414.226086956522,162300.0,823.0,19721.0,39.7,0.4107147258163894,3.5,76.0,25.684453712176904,16.178712625763882,4,318.75,1
Halderberge,2808.5845070422533,31041.0,417.0,7444.0,35.6,0.4414161914886763,3.1,72.7,13.30462706174281,37.23704110914612,1,66.0,1
Hardenberg,2458.6197183098593,62509.0,200.0,31216.0,34.8,0.41344446399718443,2.9,74.9,15.059588299024917,70.48844102567934,3,98.33333333333333,1
Harderwijk,3773.853448275862,48906.0,1256.0,3892.0,35.3,0.44070257228151966,3.1,74.9,32.66366631095439,45.73209502051127,1,72.0,1
Hardinxveld-Giessendam,3253.1478260869567,18681.0,1108.0,1686.0,36.3,0.404153953214496,2.7,77.2,24.82119205298013,27.82207040224493,3,96.33333333333333,1
Harlingen,2386.72,16188.0,649.0,2496.0,31.4,0.4963553249320484,3.5,70.0,23.360298693217175,74.57890013013235,2,64.0,1
Hattem,3377.834532374101,12563.0,545.0,2307.0,38.0,0.43516675953195894,2.8,75.7,17.76111212730931,76.40976533132637,0,,0
Heemskerk,3797.8672566371683,39431.0,1446.0,2727.0,36.1,0.45350105247140576,3.3,72.8,34.07896208477799,23.672351837360203,1,76.0,1
Heemstede,5448.3,27778.0,3029.0,917.0,48.9,0.4630642954856361,3.2,73.2,35.34167768016792,19.753095448327354,1,178.0,1
Heerde,3713.9457364341083,19214.0,245.0,7855.0,36.1,0.42651191839283853,2.6,74.3,17.071384990848077,72.37780575639327,0,,0
Heerenveen,2626.231884057971,51637.0,272.0,18997.0,33.6,0.46497666401998566,3.5,73.3,23.91503540191587,46.474246706746705,3,64.33333333333333,1
Heerlen,2144.304347826087,87122.0,1940.0,4491.0,29.3,0.5334358715364661,4.1,64.0,37.18423204372337,20.022701589564207,3,133.0,1
Heeze-Leende,2839.176470588235,16627.0,160.0,10392.0,41.1,0.4267155830877488,2.7,73.2,9.894291754756871,10.072767993447455,1,59.0,1
Heiloo,4514.8536585365855,24319.0,1300.0,1871.0,41.3,0.45737900407089105,3.0,73.0,25.54167041265846,29.034295937967865,1,160.0,1
Den Helder,2480.311320754717,56539.0,1254.0,4510.0,32.1,0.5043951962362263,3.5,70.4,26.94087944456133,62.44045972449651,2,82.5,1
Hellendoorn,2869.462121212121,36261.0,263.0,13793.0,35.2,0.41534982488072586,2.7,75.5,15.41066330256955,92.8451267650437,2,65.0,1
Helmond,3215.289256198347,94898.0,1785.0,5317.0,33.5,0.4461316360724146,3.8,72.7,27.396839643810377,14.851845587088581,4,81.5,1
Hendrik-Ido-Ambacht,3445.383333333333,32183.0,3159.0,1019.0,38.8,0.39539508436130877,2.9,77.8,23.607072691552062,14.422595875231071,0,,0
Hengelo,2719.823529411765,82311.0,1353.0,6084.0,32.8,0.4801666848902334,3.6,73.2,30.03061508488728,108.13710729499954,3,138.33333333333334,1
's-Hertogenbosch,3860.478260869565,158753.0,1450.0,10948.0,36.6,0.4739815940486164,3.3,74.3,40.3024745501422,33.5281007101324,3,213.33333333333334,1
Heumen,2890.072847682119,16824.0,423.0,3973.0,39.1,0.43859961959106036,3.0,74.1,17.31941997560645,46.493706021632384,0,,0
Heusden,3091.75,45830.0,581.0,7886.0,37.1,0.43118044948723544,2.8,74.4,15.363594959769241,36.87066714262612,0,,0
Hillegom,3823.973214285714,22453.0,1747.0,1286.0,36.8,0.4508974301875028,3.0,75.5,31.21295930462268,23.614242337082544,1,80.0,1
Hilvarenbeek,3115.9281437125746,15949.0,168.0,9487.0,39.2,0.4407799862060317,2.5,74.9,12.162162162162163,22.871824154002145,0,,0
Hilversum,4722.028037383177,93345.0,2047.0,4561.0,38.7,0.46727730462263645,3.6,74.3,41.92535191893255,15.040367730886707,3,188.33333333333334,1
Hoeksche Waard,3269.3225806451615,89760.0,334.0,26854.0,39.0,0.4347816399286987,2.7,75.3,16.840055347716905,17.174964062989307,0,,0
Hof van Twente,2556.8129032258066,35455.0,167.0,21243.0,36.7,0.4351431391905232,2.8,74.4,14.791288566243194,101.43271831201484,2,63.0,1
Het Hogeland,1661.5058139534883,48298.0,101.0,47674.0,32.3,0.47233839910555303,3.1,70.7,10.261692894402314,17.79113310193402,10,66.8,1
Hollands Kroon,2618.062068965517,49431.0,138.0,35763.0,35.2,0.43397867734822276,2.9,73.5,10.54913294797688,51.51465133711188,1,81.0,1
Hoogeveen,2438.4761904761904,56433.0,442.0,12754.0,32.0,0.456736306770861,3.2,72.5,26.001939864209504,55.28106382751795,1,72.0,1
Hoorn,3387.6071428571427,75216.0,3692.0,2037.0,34.8,0.45641884705381836,3.5,72.4,29.452374016894844,33.94201101777363,2,166.5,1
Horst aan de Maas,2247.117283950617,43641.0,231.0,18867.0,35.9,0.4218280974313146,2.8,76.2,12.091911564995382,40.06247127886007,1,84.0,1
Houten,4234.435483870968,50581.0,921.0,5490.0,40.6,0.4194658073189538,2.8,76.0,25.196776170052317,10.251492496840836,2,168.5,1
Huizen,4500.567796610169,41252.0,2609.0,1581.0,39.3,0.4636866091341026,3.3,71.4,28.54454203262233,23.52279431462882,0,,0
Hulst,1999.0069444444443,27596.0,137.0,20126.0,35.1,0.494600666763299,2.8,68.9,10.454978386694997,72.62104182421959,0,,0
IJsselstein,4101.051724137931,33492.0,1594.0,2101.0,39.2,0.4339245192881882,3.2,75.8,31.053464529002962,9.46388626846414,0,,0
Kaag en Braassem,3781.031007751938,28573.0,453.0,6313.0,39.9,0.43320617366044867,2.8,76.5,19.591210211665857,26.156722932668846,0,,0
Kampen,2781.3228346456694,55614.0,394.0,14123.0,33.9,0.4196784982198727,3.0,76.4,23.748928877463584,72.84440683332225,2,72.0,1
Kapelle,2736.3795620437954,13051.0,351.0,3713.0,36.6,0.4237223201287258,2.4,76.3,9.52983725135624,60.24487002752045,1,80.0,1
Katwijk,4373.07476635514,66607.0,2685.0,2481.0,36.8,0.4120287657453421,2.8,77.0,41.16018073167177,15.727617574885386,0,,0
Kerkrade,1895.2421875,45620.0,2082.0,2191.0,29.7,0.5297457255589654,3.8,63.9,36.268465262548105,25.380133770770964,4,61.0,1
Koggenland,2698.135135135135,23509.0,293.0,8026.0,38.0,0.4169892381641074,2.7,75.7,15.9849025808426,30.853882448819533,1,68.0,1
Krimpen aan den IJssel,3730.684210526316,29504.0,3845.0,767.0,36.2,0.4261117136659436,3.2,73.6,29.7804645243398,8.412069221974141,0,,0
Krimpenerwaard,3259.1937984496126,57700.0,389.0,14832.0,37.3,0.4237435008665511,2.9,75.1,19.96728016359918,18.115493206451312,0,,0
Laarbeek,2765.2738853503183,23260.0,420.0,5535.0,36.4,0.42596732588134134,2.7,74.3,12.212353653613242,15.829177196494205,0,,0
Land van Cuijk,2618.9668874172185,91423.0,268.0,34126.0,36.1,0.43608282379707514,2.8,74.2,16.913313935988764,37.70260997955193,3,90.66666666666667,1
Landgraaf,2039.7293233082708,37175.0,1512.0,2458.0,32.2,0.48793544048419635,3.5,66.2,23.54595071393131,24.684725621727313,1,107.0,1
Landsmeer,5117.459677419355,11705.0,522.0,2244.0,41.8,0.41990602306706537,3.1,73.2,14.933875890132247,9.330804439122392,0,,0
Lansingerland,4045.2846153846153,64754.0,1216.0,5327.0,43.4,0.38399172251907215,2.9,77.8,17.87251156243716,9.164852121403976,0,,0
Laren,6690.656050955414,11712.0,944.0,1241.0,62.9,0.46738387978142076,3.1,70.0,19.473876507124587,18.489268366046154,0,,0
Leeuwarden,2585.3596491228072,127073.0,535.0,23755.0,30.3,0.5090302424590589,4.5,71.8,36.65976130109455,51.5456328580242,4,136.75,1
Leiden,4833.159574468085,127089.0,5816.0,2185.0,32.2,0.49255246323442625,4.1,74.3,59.36291894309722,15.691292132021692,2,335.0,1
Leiderdorp,4108.696428571428,27657.0,2406.0,1150.0,38.4,0.45919658675922914,3.1,74.6,42.38582677165355,19.011545225523534,0,,0
Leidschendam-Voorburg,4297.5192307692305,77753.0,2384.0,3261.0,39.0,0.4847401386441681,3.5,72.2,61.49376492438312,8.609122161053154,3,163.66666666666666,1
Lelystad,2954.095238095238,83033.0,363.0,22900.0,33.2,0.4222176724916599,3.8,71.4,19.305151463289405,40.40939925778187,1,173.0,1
Leudal,2176.873493975904,36141.0,222.0,16251.0,36.4,0.4513433496582828,2.9,71.7,12.205738106915154,35.70986550021064,0,,0
Leusden,3630.453125,31467.0,538.0,5851.0,40.7,0.4333746464550164,2.9,74.7,20.378382342157366,20.34704811864935,0,,0
Lingewaard,3109.8333333333335,47220.0,762.0,6196.0,36.4,0.43032613299449385,2.7,75.3,17.52952755905512,60.06150959356492,0,,0
Lisse,3797.85593220339,23390.0,1490.0,1570.0,37.5,0.44848225737494657,2.9,75.4,31.544327931363203,26.40923803018292,0,,0
Lochem,3087.814814814815,34314.0,161.0,21305.0,39.7,0.45013697033280875,2.9,71.8,16.547973585394278,84.30907647516604,1,60.0,1
Loon op Zand,3139.287878787879,23797.0,477.0,4992.0,36.4,0.44190444173635335,2.7,74.8,17.506656523392923,37.567502801266365,0,,0
Lopik,3266.0652173913045,14704.0,195.0,7556.0,39.4,0.3998231773667029,2.7,76.9,15.002551454328966,16.838153867676933,0,,0
Losser,2238.8246753246754,23362.0,237.0,9874.0,34.6,0.43091344919099395,2.9,72.1,15.853779676169664,106.0220738305758,0,,0
Maasdriel,3115.5486111111113,26020.0,395.0,6588.0,37.3,0.3988086087624904,2.8,75.4,8.807940637949311,37.03676915824194,0,,0
Maasgouw,2110.865030674847,24305.0,532.0,4570.0,36.4,0.4633614482616746,2.9,69.7,13.532232285562069,37.06597648963185,0,,0
Maashorst,2793.7379310344827,58934.0,429.0,13733.0,36.4,0.4413750975667696,3.0,74.4,23.031677687221283,32.19442196176123,0,,0
Maassluis,3473.862385321101,35303.0,4180.0,844.0,34.7,0.4547772144010424,3.6,71.9,48.44596698847711,15.548493353187736,0,,0
Maastricht,3344.1696428571427,122734.0,2200.0,5579.0,29.5,0.5245653201231932,4.4,66.1,50.304432916032425,0.6164037956527111,3,185.0,1
Medemblik,2822.9861111111113,46031.0,380.0,12123.0,35.8,0.42262822880232886,3.0,73.5,13.745245193790481,41.41364435812154,0,,0
Meerssen,2347.0509554140126,18600.0,696.0,2673.0,37.3,0.4668817204301075,2.9,70.9,17.549516351911564,7.323061707139514,2,80.0,1
Meierijstad,2923.6711409395975,83715.0,455.0,18400.0,37.3,0.42713970017320674,2.8,75.2,18.043514737960738,19.055242451196378,0,,0
Meppel,3156.535087719298,35464.0,639.0,5550.0,33.8,0.4621588089330025,3.2,74.5,26.55887736424649,61.370723533515,1,202.0,1
Middelburg,3003.008695652174,49956.0,1033.0,4838.0,33.7,0.4895908399391464,3.0,73.0,31.167716084716655,73.96071873492178,2,92.0,1
Midden-Delfland,3749.3283582089553,19472.0,413.0,4719.0,42.1,0.4138249794576828,2.6,77.0,23.25639116406056,11.766017664786911,0,,0
Midden-Drenthe,2339.5320512820513,33987.0,100.0,34062.0,35.2,0.43263600788536793,2.8,72.4,11.853917301414581,39.24319319445696,1,72.0,1
Midden-Groningen,2132.715277777778,61554.0,221.0,27795.0,31.7,0.4644214835753972,3.6,70.1,20.995557421205444,16.32544444110127,4,125.75,1
Moerdijk,2821.2406015037595,37711.0,237.0,15917.0,36.3,0.44504256052610647,2.9,74.2,13.757969373771079,29.84732100701779,2,103.0,1
Molenlanden,2934.0072463768115,45158.0,249.0,18157.0,39.6,0.3953230878249701,2.6,77.1,12.24512659645978,25.689880614596568,1,62.0,1
Montferland,2450.404109589041,36882.0,349.0,10570.0,34.5,0.4399436039260344,2.9,72.1,17.977320350055468,75.52026369644473,1,107.0,1
Montfoort,3625.030303030303,13929.0,371.0,3758.0,39.8,0.41632565151841483,2.7,77.6,15.537161579582687,13.137722592695617,0,,0
Mook en Middelaar,2923.275641025641,8043.0,463.0,1739.0,42.1,0.45741638692030334,2.8,71.4,14.297363413971187,47.07049868493396,1,90.0,1
Neder-Betuwe,2852.152777777778,25448.0,424.0,5999.0,35.3,0.3583385727758566,2.8,76.4,8.729027305625618,37.26235468960243,3,53.0,1
Nederweert,2236.925714285714,17499.0,175.0,9990.0,36.0,0.43751071489799415,2.8,73.5,12.343260188087775,25.883815805436857,0,,0
Nieuwegein,3708.6923076923076,65426.0,2794.0,2342.0,34.9,0.4655030110353682,3.5,73.0,41.348174415550304,6.923263859142889,0,,0
Nieuwkoop,3373.7841726618703,29463.0,375.0,7846.0,40.1,0.4013169059498354,2.7,76.3,13.185047361299052,23.362936324363194,0,,0
Nijkerk,3679.769230769231,44975.0,649.0,6932.0,38.5,0.4018232351306281,2.7,76.5,16.99867197875166,28.25028837468475,1,72.0,1
Nijmegen,3538.75,182480.0,3456.0,5281.0,30.3,0.46387549320473476,4.0,72.4,45.89594556280125,53.02194110833715,5,163.8,1
Nissewaard,3193.504761904762,86833.0,1184.0,7331.0,34.5,0.4610459157232849,3.6,71.0,32.18264475196083,16.672649197174273,0,,0
Noardeast-Fryslân,1755.3522012578617,45812.0,121.0,37922.0,31.7,0.4576311883349341,3.3,72.5,11.3093250655855,38.467072015058854,0,,0
Noord-Beveland,2476.4094488188975,7857.0,91.0,8600.0,37.0,0.6027745959017436,2.7,69.7,9.881756756756758,62.22222062161065,0,,0
Noordenveld,2688.374149659864,31591.0,159.0,19901.0,36.0,0.47247633819758794,2.9,71.7,14.344097547902987,16.088733058381163,0,,0
Noordoostpolder,2055.7888198757764,49729.0,109.0,45809.0,34.3,0.4173621025960707,3.2,75.2,13.476270778125754,69.88376707216209,0,,0
Noordwijk,4650.25,45179.0,774.0,5834.0,40.1,0.4594391199451072,2.9,75.1,34.7304523775112,25.553846872551084,0,,0
"Nuenen, Gerwen en Nederwetten",3361.8940397350993,24015.0,714.0,3365.0,41.3,0.4443889235894233,2.8,74.0,13.783733133433284,8.796026940638091,0,,0
Nunspeet,3482.223880597015,28731.0,223.0,12873.0,36.0,0.3988026869931433,2.7,75.0,17.81288182928958,53.06974515605548,1,75.0,1
Oegstgeest,4301.457364341085,25746.0,3530.0,729.0,47.1,0.4327274139672182,3.1,75.4,34.82631720671394,17.468628875579885,0,,0
Oirschot,2801.314465408805,19217.0,189.0,10179.0,39.6,0.4298277566737784,2.6,75.1,16.46489104116223,14.286342052252412,0,,0
Oisterwijk,3656.4333333333334,32941.0,411.0,8011.0,41.6,0.43523268874654686,2.7,74.4,19.292739066750368,23.627736071552523,1,62.0,1
Oldambt,1818.9109589041095,39044.0,172.0,22657.0,30.7,0.48593894068230714,3.6,68.1,18.58430401096295,32.685131923274625,3,64.33333333333333,1
Oldebroek,2892.3571428571427,24264.0,248.0,9766.0,34.9,0.3954418067919552,2.6,75.3,15.101615424700366,68.80970183488174,1,72.0,1
Oldenzaal,2710.376923076923,31925.0,1481.0,2155.0,34.6,0.4644009397024276,3.0,73.9,23.330635370295425,103.89246414586624,1,97.0,1
Olst-Wijhe,2704.6206896551726,18682.0,164.0,11366.0,36.2,0.42714912750240874,2.8,74.6,14.949874686716791,76.63017737360134,2,75.5,1
Ommen,2764.4333333333334,18955.0,105.0,17985.0,35.9,0.4091268794513321,2.9,74.3,18.052869116698904,78.76326074440088,1,82.0,1
Oost Gelre,2209.434210526316,29846.0,271.0,10993.0,36.1,0.44002546404878373,2.6,75.3,16.508033198812154,99.99973999676662,1,62.0,1
Oosterhout,3022.031496062992,57425.0,804.0,7143.0,36.1,0.4515280801044841,3.2,72.8,25.828223224960468,41.50143167165847,0,,0
Ooststellingwerf,2746.201612903226,25837.0,116.0,22330.0,32.9,0.44385958122072994,3.2,71.0,10.04534356470178,32.43451207946689,0,,0
Oostzaan,4496.8421052631575,9720.0,841.0,1156.0,38.8,0.42633744855967076,2.9,74.8,17.422779922779924,9.611928170641482,0,,0
Opmeer,2859.992957746479,12180.0,294.0,4148.0,37.2,0.41288998357963874,2.7,75.1,15.370849075362894,38.72883840188988,0,,0
Opsterland,2201.395061728395,30054.0,134.0,22440.0,34.7,0.44313568909296597,3.0,73.3,13.951043700255294,35.66035970627691,0,,0
Oss,2899.7925925925924,94437.0,583.0,16201.0,35.0,0.4424007539417813,3.2,73.3,22.858373824170037,40.11381518375149,3,93.0,1
Oude IJsselstreek,2251.9668874172185,39613.0,291.0,13607.0,33.5,0.44558604498523213,3.0,72.0,15.596850036825108,84.5843661444703,2,69.0,1
Ouder-Amstel,5167.795081967213,14276.0,596.0,2395.0,43.3,0.44774446623704117,3.5,74.1,41.23904881101377,8.828575166880649,1,293.0,1
Oudewater,3306.5073529411766,10232.0,263.0,3890.0,40.1,0.42933932759968724,2.7,75.7,19.462781698156157,19.037335754109193,0,,0
Overbetuwe,3164.007299270073,48707.0,447.0,10903.0,37.1,0.4185845976964297,2.6,76.1,13.336276240926034,48.665527100888575,2,102.5,1
Papendrecht,3244.0714285714284,32277.0,3428.0,941.0,35.9,0.4526133159835177,3.2,73.9,33.6025737559039,18.518623622242924,0,,0
Peel en Maas,2308.285714285714,45276.0,284.0,15935.0,35.4,0.4179035250463822,2.8,75.4,14.195867026055705,38.1570974637331,0,,0
Pekela,1467.7278911564626,12404.0,253.0,4904.0,29.5,0.4665430506288294,3.4,69.8,11.90599619837567,31.801739349707475,0,,0
Pijnacker-Nootdorp,4042.1908396946565,57672.0,1564.0,3687.0,41.9,0.389287695935636,3.0,78.5,23.85194423410984,10.175520243583476,0,,0
Purmerend,3807.590909090909,93992.0,1004.0,9361.0,35.4,0.45604945101710787,3.4,73.6,33.35121894319375,19.600957423799645,3,65.33333333333333,1
Putten,3862.823529411765,24904.0,292.0,8521.0,37.7,0.41033568904593637,2.6,75.1,15.891965945787259,35.919104389703115,1,72.0,1
Raalte,2829.3489932885905,38500.0,225.0,17097.0,35.5,0.42597402597402595,2.7,75.6,14.20731707317073,85.43716183017457,2,74.5,1
Reimerswaal,2439.5984251968503,23255.0,229.0,10176.0,34.7,0.40215007525263385,2.8,76.3,13.72968349016253,58.99891004012546,3,80.0,1
Renkum,3497.1615384615384,31461.0,685.0,4596.0,38.9,0.4800228854772576,3.1,70.9,29.90994570255595,46.69117191744132,2,60.0,1
Renswoude,2794.22,5747.0,313.0,1839.0,59.4,0.38141639116060555,2.6,79.3,13.594890510948904,28.38688245459139,0,,0
Reusel-De Mierden,2656.4573170731705,13542.0,174.0,7781.0,37.2,0.4240141781125388,2.7,74.0,12.24312086381052,22.378193668036182,0,,0
Rheden,3281.875,43570.0,533.0,8177.0,34.6,0.4894881799403259,3.3,70.6,26.15463965864866,63.89212539638952,3,90.66666666666667,1
Rhenen,3792.730769230769,20329.0,484.0,4202.0,37.8,0.4116287077573909,3.1,74.6,21.044455066921604,32.52672366924759,1,73.0,1
Ridderkerk,3262.451923076923,47477.0,2022.0,2348.0,34.9,0.4547254460054342,3.4,72.8,43.915883088609945,10.164743756874676,0,,0
Rijssen-Holten,2853.124087591241,38493.0,409.0,9412.0,37.6,0.38968124074507055,2.7,77.7,20.979999999999997,92.30039683656341,2,68.5,1
Rijswijk,3777.392156862745,57997.0,4150.0,1398.0,35.4,0.4851457834025898,3.8,71.1,70.08920638305433,4.245510980140289,1,133.0,1
Roerdalen,2077.3584905660377,20702.0,235.0,8821.0,34.9,0.46995459375905707,3.0,68.8,9.723507040805838,40.844091845504515,0,,0
Roermond,2690.1328125,59981.0,989.0,6064.0,32.8,0.4862206365349027,3.8,68.9,33.47277465368263,45.057149057831424,2,172.5,1
De Ronde Venen,3809.0522388059703,45572.0,457.0,9968.0,43.5,0.4141139296058984,2.9,74.8,20.575455701568462,15.81893265970389,1,99.0,1
Roosendaal,2807.27868852459,77613.0,729.0,10650.0,33.8,0.4626029144602064,3.6,70.6,25.376002673796794,45.90850886825227,1,291.0,1
Rotterdam,4262.8,663900.0,3040.0,21842.0,31.8,0.48393131495707187,5.3,69.4,74.62291693901308,11.814350387144687,7,210.71428571428572,1
Rozendaal,3813.103092783505,1754.0,63.0,2790.0,81.4,0.40250855188141393,2.4,76.8,1.9830028328611897,58.10335294470738,0,,0
Rucphen,2838.46357615894,23636.0,367.0,6438.0,34.7,0.43230665087155185,2.8,70.1,8.641612840086124,44.95295185823362,0,,0
Schagen,2544.0,47450.0,282.0,16799.0,36.6,0.4461327713382508,2.9,73.1,17.02017100477113,47.533352076873726,1,87.0,1
Scherpenzeel,4643.03125,10386.0,753.0,1379.0,37.4,0.4090121317157712,2.7,77.6,15.630885122410545,26.01057141501953,0,,0
Schiedam,3250.09375,80628.0,4528.0,1781.0,32.7,0.47240412759835293,4.1,72.0,67.93037359867678,6.39514162123994,1,293.0,1
Schiermonnikoog,3243.96694214876,982.0,23.0,4293.0,42.4,0.6232179226069247,2.9,71.9,26.96078431372549,37.68582433433771,0,,0
Schouwen-Duiveland,3158.6814814814816,34561.0,151.0,22860.0,37.0,0.48864326842394606,2.4,72.2,10.474893415442917,47.631823717214075,0,,0
Simpelveld,2039.42,10396.0,649.0,1603.0,33.5,0.5016352443247403,2.9,70.0,24.199424736337487,20.973500893399542,0,,0
Sint-Michielsgestel,3175.20625,30135.0,516.0,5835.0,40.3,0.4170565787290526,2.6,75.3,13.812858052196052,26.723764027420565,0,,0
Sittard-Geleen,2355.196850393701,92234.0,1173.0,7861.0,32.7,0.5096927380358653,3.5,67.3,32.0733445363851,19.607438743904815,3,129.33333333333334,1
Sliedrecht,3316.5904761904762,26184.0,2038.0,1285.0,33.9,0.42823861900397187,3.1,75.0,38.464282529207175,22.83938977504246,2,112.0,1
Sluis,2506.6496350364964,23243.0,83.0,27860.0,34.3,0.5974702060835521,3.0,68.1,14.949233095701015,93.79617536337645,0,,0
Smallingerland,2379.312977099237,56098.0,479.0,11717.0,32.2,0.4677706870120147,3.8,71.8,21.797949773255592,37.07820932657251,0,,0
Soest,4099.495867768595,47439.0,1026.0,4625.0,39.5,0.4469318493222876,3.2,72.9,35.27497405905103,13.89385108831,3,59.0,1
Someren,2504.432926829268,20061.0,250.0,8010.0,37.1,0.42281042819400827,2.8,75.6,14.135817024286727,16.641205836962154,0,,0
Son en Breugel,3455.2565789473683,18010.0,694.0,2595.0,42.0,0.42376457523598,2.8,76.9,13.325471698113208,10.486114530587969,0,,0
Stadskanaal,2173.1967213114754,32135.0,273.0,11763.0,30.5,0.47228878170219385,3.4,69.2,21.46669302233643,38.14826022804764,0,,0
Staphorst,1634.4366197183099,17628.0,132.0,13394.0,37.0,0.3459836623553438,2.7,78.6,16.215773077553695,69.4715920347327,0,,0
Stede Broec,2889.128,22138.0,1529.0,1448.0,34.6,0.42632577468606014,3.0,74.1,10.923924560288196,43.069916020516196,2,81.5,1
Steenbergen,2523.274074074074,24610.0,168.0,14650.0,34.4,0.4339292970337261,2.9,73.6,14.008802322314823,37.830144619053385,0,,0
Steenwijkerland,2416.860927152318,45376.0,157.0,28831.0,34.4,0.4510974964739069,3.1,73.4,15.252332795935317,62.8585445882284,1,125.0,1
Stein,2162.8802816901407,24772.0,1184.0,2092.0,34.2,0.4772727272727273,3.0,69.1,17.711240801826946,13.872563664450837,1,70.0,1
Stichtse Vecht,3827.5702479338843,65771.0,685.0,9604.0,41.0,0.4394185887397181,3.0,74.4,25.583889830801702,12.096967660239269,2,133.5,1
Súdwest-Fryslân,2206.53642384106,90883.0,174.0,52270.0,33.6,0.4716503636543688,3.5,72.6,18.70990318441619,71.26208038113226,7,49.142857142857146,1
Terneuzen,2217.0714285714284,54993.0,220.0,25013.0,33.9,0.49849980906660846,2.9,69.9,18.69482746042168,83.13789965429285,0,,0
Terschelling,3790.058394160584,4928.0,57.0,8721.0,34.5,0.47037337662337664,2.8,74.3,22.303710094909405,84.57391586480622,0,,0
Texel,3480.728,13979.0,86.0,16226.0,35.2,0.4989627298089992,2.8,71.0,21.89247311827957,79.47981422625307,0,,0
Teylingen,4022.344537815126,38510.0,1360.0,2832.0,41.3,0.4325370033757466,2.9,77.1,25.778951792039383,21.491971676162954,2,97.5,1
Tholen,2231.4296296296297,26825.0,183.0,14672.0,34.5,0.4198695246971109,2.8,74.5,10.556690047056733,45.51628400884161,0,,0
Tiel,3197.4347826086955,42604.0,1299.0,3280.0,33.0,0.4350295746878227,3.8,72.9,26.351570087406927,30.130993315419243,2,102.5,1
Tilburg,3346.765765765766,227707.0,1809.0,12589.0,31.4,0.46227827866512666,4.0,73.2,37.28720170238638,32.068954140765875,3,154.33333333333334,1
Tubbergen,2085.0102040816328,21408.0,146.0,14700.0,37.6,0.40970665171898357,2.6,75.4,24.478394709839243,90.99710156479175,0,,0
Twenterand,2284.858108108108,33867.0,319.0,10614.0,33.1,0.4138541943484808,2.9,74.1,14.982876712328766,85.75193881737513,2,48.5,1
Tynaarlo,3025.404109589041,34592.0,242.0,14288.0,39.1,0.42538737280296024,2.8,73.2,12.028542303771662,13.913956236567284,0,,0
Tytsjerksteradiel,2171.1456953642382,32408.0,218.0,14863.0,33.8,0.4385028388052333,3.1,73.2,11.969601013299556,40.151409467567866,1,62.0,1
Uitgeest,3499.4552845528456,13472.0,703.0,1916.0,38.9,0.4225059382422803,2.9,76.7,20.2389318341532,21.136880700260246,1,182.0,1
Uithoorn,4209.589743589743,31442.0,1735.0,1812.0,38.1,0.4316519305387698,3.3,76.6,28.256704980842912,16.512634028066245,0,,0
Urk,2705.6484375,21829.0,1661.0,1314.0,34.9,0.3190251500297769,2.7,81.3,16.800689259046525,58.753378397494195,0,,0
Utrecht,4993.747368421053,367947.0,3924.0,9377.0,34.9,0.44952126257314234,4.0,77.3,58.11064087061669,3.1724436648173664,9,250.88888888888889,1
Utrechtse Heuvelrug,4280.318181818182,50429.0,382.0,13202.0,42.3,0.43865632869975607,3.1,73.4,25.030513991230052,19.297531543065066,2,128.0,1
Vaals,2757.3739837398375,10190.0,427.0,2389.0,30.6,0.575269872423945,4.6,59.5,47.765267826680315,21.911466523385954,0,,0
Valkenburg aan de Geul,2601.034722222222,16423.0,447.0,3673.0,35.8,0.5095293186384948,3.0,69.2,35.93451242829828,9.355331067701929,2,88.5,1
Valkenswaard,3397.1908396946565,31527.0,574.0,5491.0,35.8,0.47835188885717006,3.1,72.2,24.753000464160202,11.09407515433205,0,,0
Veendam,2176.516129032258,27616.0,364.0,7593.0,31.3,0.4712123406720742,3.6,70.6,21.37862137862138,25.46398617108893,1,62.0,1
Veenendaal,3540.990990990991,68525.0,3528.0,1942.0,35.0,0.42711419190076616,3.3,74.8,39.61664616646166,30.59629128380962,2,73.0,1
Veere,3216.6,22045.0,166.0,13299.0,38.4,0.5019732365615786,2.4,71.7,12.533887583589372,76.63856371492871,0,,0
Veldhoven,3629.582089552239,46417.0,1465.0,3168.0,38.5,0.4394726070189801,3.0,74.4,21.33437913623217,5.581667530561458,0,,0
Velsen,4322.57281553398,68790.0,1528.0,4503.0,35.8,0.46261084459950574,3.3,73.6,39.76683530779625,20.670400647708398,3,77.33333333333333,1
Venlo,2465.9922480620153,103328.0,832.0,12416.0,32.2,0.4698919944255187,3.7,70.8,31.726154923485677,48.36477515423293,3,146.0,1
Venray,2445.046357615894,44628.0,273.0,16318.0,34.9,0.442704131935108,3.3,73.1,18.687047628688568,36.21152904733802,1,90.0,1
Vijfheerenlanden,3241.8110236220473,60052.0,411.0,14628.0,36.5,0.4165223472990075,3.0,75.1,21.085035781393675,17.7098537364032,1,62.0,1
Vlaardingen,3384.946808510638,75079.0,3214.0,2336.0,32.7,0.48369051265999813,4.0,71.7,62.255266418835184,10.302973934756183,0,,0
Vlieland,4746.927927927928,1291.0,31.0,4184.0,42.7,0.4957397366382649,3.0,76.1,30.312499999999996,98.82711566595324,0,,0
Vlissingen,2586.0377358490564,45150.0,1314.0,3437.0,31.3,0.5147951273532669,3.4,70.4,36.95736350729252,78.87982872778753,2,90.5,1
Voerendaal,2331.35,12405.0,394.0,3151.0,36.7,0.4712615880693269,2.8,71.4,12.692439274717756,15.921794371921235,3,73.0,1
Voorne aan Zee,3492.967741935484,73945.0,607.0,12177.0,38.9,0.4528771384136858,3.1,72.2,23.557692307692307,24.295916214199636,0,,0
Voorschoten,4420.140495867769,25665.0,2309.0,1111.0,42.2,0.45088642119618155,3.1,73.6,36.10438990667127,11.11762761351441,2,130.0,1
Voorst,3244.678082191781,25215.0,205.0,12293.0,37.9,0.43378941106484237,2.6,73.8,16.456390565002742,68.31677581538072,2,56.5,1
Vught,4209.298611111111,32113.0,535.0,6002.0,44.1,0.43446579266963536,2.7,75.5,23.04329128440367,29.53656196130281,1,63.0,1
Waadhoeke,1745.1847133757963,46718.0,164.0,28542.0,32.5,0.4596943362301468,3.3,72.4,10.337120506612033,63.56954483174513,3,56.333333333333336,1
Waalre,3748.53642384106,17980.0,803.0,2238.0,44.1,0.4482202447163515,3.0,74.5,17.198163543864002,3.9908012392178263,0,,0
Waalwijk,3209.918699186992,49952.0,774.0,6454.0,34.3,0.4520339525944907,3.2,74.4,24.95128432240921,43.23917141960564,0,,0
Waddinxveen,3298.6,32601.0,1175.0,2775.0,36.9,0.4112757277384129,2.9,76.9,30.921837708830544,17.293340561696322,4,109.5,1
Wageningen,4228.0,40960.0,1347.0,3042.0,27.4,0.453125,4.4,73.3,52.279094827586206,39.400289606086545,0,,0
Wassenaar,5094.707006369426,27093.0,529.0,5118.0,56.6,0.4518141217288599,3.5,70.0,28.200310432154236,9.033306737323949,0,,0
Waterland,3883.6015625,17609.0,339.0,5199.0,41.3,0.425634618660912,2.9,72.9,16.03735823882588,12.063064433676736,0,,0
Weert,2607.764705882353,50872.0,488.0,10425.0,34.8,0.46383079100487495,3.3,71.6,26.868960840820478,26.403462184890326,1,197.0,1
West Betuwe,3158.191489361702,52720.0,244.0,21593.0,39.0,0.40680955993930196,2.8,76.0,10.243856949689933,26.220310786103127,2,152.0,1
West Maas en Waal,2585.294478527607,20065.0,263.0,7619.0,36.6,0.4239720907052081,2.7,74.4,14.28235570706477,36.96785710873008,0,,0
Westerkwartier,2082.9939393939394,64946.0,179.0,36263.0,34.9,0.4298032211375604,2.9,74.2,9.97707243677008,15.27553850235674,2,73.5,1
Westerveld,2290.518918918919,19860.0,71.0,27865.0,36.6,0.44093655589123865,2.7,69.1,9.992006394884093,46.10294363857431,0,,0
Westervoort,3053.72268907563,15114.0,2155.0,701.0,33.4,0.4476644170967315,3.3,71.6,13.287023352054389,59.99767974441769,1,107.0,1
Westerwolde,1998.5448717948718,26537.0,96.0,27577.0,31.8,0.45204808380751405,3.2,66.0,14.888296098699566,43.44495602028205,0,,0
Westland,3687.7804878048782,114887.0,1423.0,8076.0,37.6,0.4094719158825629,2.7,77.9,24.896371404884892,10.042969104317113,0,,0
Weststellingwerf,2521.9103448275864,26467.0,120.0,22020.0,32.5,0.4504099444591378,3.2,71.3,11.668484187568156,52.97061134150365,1,59.0,1
Wierden,2760.376712328767,24862.0,263.0,9460.0,38.4,0.4035878046818438,2.6,76.4,14.989037273270878,97.25486741500197,1,133.0,1
Wijchen,3038.7969924812032,41537.0,629.0,6604.0,36.4,0.4409803307894167,3.0,74.6,18.496478681006714,46.81130859240187,1,113.0,1
Wijdemeren,4664.704,24659.0,519.0,4754.0,45.0,0.4400421752706922,2.8,73.6,16.791079163210764,15.24465842633083,0,,0
Wijk bij Duurstede,3518.828125,23995.0,504.0,4758.0,38.6,0.43146488851844134,2.8,74.4,18.670916642519074,17.47867401386712,0,,0
Winterswijk,1994.8980891719746,29253.0,212.0,13813.0,33.6,0.45721806310463886,3.1,72.1,22.57196261682243,106.2300384896486,2,96.5,1
Woensdrecht,2632.0785714285716,22191.0,242.0,9166.0,35.0,0.4515344058402055,3.0,69.8,11.377245508982035,58.272076707241276,0,,0
Woerden,3942.951612903226,53244.0,601.0,8855.0,39.6,0.4276350386898054,2.9,76.9,28.833062497255042,15.304303641109165,1,278.0,1
De Wolden,2503.0118343195268,24602.0,110.0,22439.0,38.1,0.42903016014958134,2.6,73.0,13.955471340596873,59.06296301364304,0,,0
Wormerland,4015.573913043478,16612.0,431.0,3851.0,37.4,0.4301107633036359,3.1,73.7,25.22043386983905,15.34918658091546,0,,0
Woudenberg,3772.892307692308,14358.0,393.0,3652.0,38.5,0.3900961136648558,2.7,78.0,18.2467416532762,20.9096629832789,0,,0
Zaanstad,3757.7961165048546,159618.0,2165.0,7374.0,34.1,0.4398626721297097,3.6,72.3,37.328015952143566,13.908183469318493,6,125.66666666666667,1
Zaltbommel,3123.6758620689657,30349.0,386.0,7865.0,36.6,0.3989258295166233,3.0,76.2,13.347650119765426,33.331301018923895,1,92.0,1
Zandvoort,5740.198113207547,17542.0,547.0,3208.0,37.5,0.560084368943108,3.5,69.5,52.80407124681934,24.514560633536917,1,90.0,1
Zeewolde,2958.4469696969695,23692.0,96.0,24711.0,36.6,0.39481681580280265,3.0,77.2,16.206970280094076,36.23654080191348,0,,0
Zeist,4582.44537815126,66629.0,1374.0,4850.0,40.4,0.4519203349892689,3.6,73.1,45.60459632692371,9.164305970454409,1,130.0,1
Zevenaar,2641.871212121212,45042.0,486.0,9262.0,33.8,0.4591048354868789,3.2,71.7,18.090816770636877,68.49349864606046,1,148.0,1
Zoetermeer,3626.3055555555557,126998.0,3689.0,3443.0,35.5,0.4487550985054883,3.7,71.6,42.96292397045147,13.00265438308106,3,93.0,1
Zoeterwoude,3785.1769230769232,9443.0,446.0,2116.0,40.2,0.4176638780048713,2.7,76.9,27.586206896551722,15.354058212832172,0,,0
Zuidplas,3720.736,46981.0,811.0,5796.0,39.6,0.4051212192162789,2.9,76.4,21.179004886250198,12.086396993520411,1,79.0,1
Zundert,2679.3694267515925,22518.0,187.0,12059.0,37.0,0.4414246380673239,2.8,72.8,13.078470824949697,50.72173350267047,0,,0
Zutphen,3098.0593220338983,48510.0,1186.0,4092.0,33.2,0.48198309626881053,3.5,70.3,33.96775159317394,76.19381061233595,1,318.0,1
Zwartewaterland,2466.7482993197277,23368.0,284.0,8236.0,36.0,0.3935296131461828,2.7,78.0,12.820791648542846,76.4069689648078,0,,0
Zwijndrecht,3218.1603773584907,45018.0,2217.0,2031.0,34.4,0.46265938069216755,3.5,72.0,39.821394276934896,14.44209687185162,1,125.0,1
Zwolle,3727.490909090909,132411.0,1196.0,11067.0,34.2,0.45672187356035376,3.4,76.2,36.08102521703183,82.93656265882358,2,390.5,1
