municipality,m2_price,population,pop_density,size,avg_income,homes_per_capita,unemp_rate,net_labor_participation,multy_family,distance_to_urban_center,traffic,has_station,log_avg_income,log_distance,log_homes_per_capita,log_multy_family,log_m2_price,station_x_multy_fam,station_x_pop_den,station_x_distance
Aa en Hunze,2246.0163934426228,25724.0,93.0,27606.0,36.7,0.4442543927849479,2.7,71.4,8.575428771438572,27.50573970300652,0,0,3.6027767550605247,3.3143946993672375,-0.8113579239040901,2.1489009943020454,7.716913434222162,0.0,0.0,0.0
Aalsmeer,4258.523809523809,33063.0,1645.0,2010.0,41.5,0.4071015939267459,3.1,78.4,21.931649331352155,15.790942415780567,0,0,3.7256934272366524,2.7594365108298025,-0.8986925081609329,3.0879307685097355,8.356677855624284,0.0,0.0,0.0
Aalten,2276.5,27244.0,282.0,9653.0,34.1,0.44648362942299225,2.7,73.9,17.790200591910555,93.85344774827088,68,1,3.5292973842894715,4.541734499153379,-0.8063525435639536,2.878647777157208,7.730394454774836,2.878647777157208,282.0,4.541734499153379
Achtkarspelen,2251.9225352112676,28149.0,275.0,10221.0,31.2,0.4365696827596007,3.2,72.2,12.490845471559933,28.21505295157997,95,1,3.4404180948154366,3.3398556281366902,-0.8288072766735622,2.5249960137247918,7.719539590449151,2.5249960137247918,275.0,3.3398556281366902
Alblasserdam,3302.3119266055046,20356.0,2320.0,877.0,35.2,0.4150618982118294,3.1,75.6,31.743401585986508,14.469833577712933,0,0,3.5610460826040513,2.6720660393825697,-0.8793276175558785,3.45768487967687,8.102378085980137,0.0,0.0,0.0
Albrandswaard,3630.705426356589,26357.0,1217.0,2167.0,41.8,0.40710247752020334,3.0,76.4,19.440820130475302,8.533938173688913,0,0,3.7328963395307104,2.1440509400347274,-0.8986903377137724,2.967374985924065,8.197182240708456,0.0,0.0,0.0
Alkmaar,3782.8653846153848,111834.0,1014.0,11031.0,35.0,0.4776454387753277,3.4,73.1,37.29149896100492,26.772804362399423,352,1,3.5553480614894135,3.28738660969963,-0.7388865816149119,3.618765390781734,8.238237039705783,3.618765390781734,1014.0,3.28738660969963
Almelo,2555.8166666666666,73949.0,1101.0,6718.0,31.5,0.46068236216852154,4.0,70.7,28.693457011183842,97.04999484182952,359,1,3.449987545831587,4.575226256465399,-0.7750464926255012,3.3566691180700845,7.846127086268712,3.3566691180700845,1101.0,4.575226256465399
Almere,3756.9115044247787,222825.0,1725.0,12918.0,35.5,0.4070010097610232,4.1,73.5,29.068254493328922,23.238827534500565,1190,1,3.56953269648137,3.145824480388355,-0.8989396125573047,3.369646667818889,8.231352490445547,3.369646667818889,1725.0,3.145824480388355
Alphen aan den Rijn,3460.9827586206898,114182.0,907.0,12593.0,37.3,0.4381688882661015,3.0,76.0,35.711858647638465,23.728106178443777,327,1,3.6189933266497696,3.1666602602019744,-0.8251508532776417,3.5754828086315698,8.149307862005106,3.5754828086315698,907.0,3.1666602602019744
Alphen-Chaam,2700.7602339181285,10463.0,113.0,9298.0,40.0,0.431711746153111,2.6,73.1,11.15784812928935,40.92021089877641,0,0,3.6888794541139363,3.7116240949991863,-0.8399971677264432,2.4121431184048556,7.901288580477383,0.0,0.0,0.0
Altena,2890.7357142857145,57726.0,289.0,19974.0,37.5,0.40189862453660397,2.6,75.6,12.581896551724137,36.6595570002709,0,0,3.624340932976365,3.601674158330661,-0.9115553999349183,2.532258999187805,7.969266321125621,0.0,0.0,0.0
Ameland,2454.5416666666665,3840.0,68.0,5659.0,47.5,0.48411458333333335,2.9,74.6,20.763851533082303,60.50234108626485,0,0,3.8607297110405954,4.10268205992888,-0.7254336578603285,3.033213567731478,7.805695328977029,0.0,0.0,0.0
Amersfoort,4160.9375,160759.0,2572.0,6249.0,37.6,0.43992560292114286,3.6,76.4,37.583778739289045,20.195481300237503,1014,1,3.6270040503958487,3.005458881374983,-0.8211496506363168,3.6265725408007032,8.333495688442351,3.6265725408007032,2572.0,3.005458881374983
Amstelveen,5697.981481481482,94418.0,2297.0,4111.0,40.7,0.4541506916054142,4.1,73.8,51.7607276119403,9.440665154583757,0,0,3.706228092448549,2.2450264389657812,-0.7893262161782774,3.9466317075115436,8.647867265049323,0.0,0.0,0.0
Amsterdam,7378.714285714285,918117.0,4880.0,18812.0,36.8,0.517217304548331,5.0,72.9,87.36254016922669,0.4484067223779206,3777,1,3.6054978451748854,-0.8020545959742962,-0.659292174507388,4.47006658860256,8.906354686389268,4.47006658860256,4880.0,-0.8020545959742962
Apeldoorn,3396.875,167191.0,492.0,33986.0,35.3,0.44916293341148744,3.3,73.8,29.365079365079367,55.65205614368325,354,1,3.5638829639392506,4.019119024814082,-0.800369576415949,3.3798061916808377,8.130611170309574,3.3798061916808377,492.0,4.019119024814082
Arnhem,3549.173076923077,165770.0,1696.0,9774.0,31.7,0.4814924292694697,4.0,72.5,48.99081649272711,53.710539806357104,922,1,3.456316680883235,3.983609254255191,-0.7308647710877763,3.8916328620298084,8.174469919257634,3.8916328620298084,1696.0,3.983609254255191
Assen,2807.563025210084,69414.0,848.0,8188.0,32.8,0.4753796064194543,3.6,72.4,30.168495060306682,24.223010947632623,150,1,3.490428515390098,3.187303046980965,-0.7436416227055541,3.4067981699349983,7.940072135233319,3.4067981699349983,848.0,3.187303046980965
Asten,2715.432098765432,17242.0,246.0,7021.0,35.8,0.41903491474306925,2.9,74.3,14.643598615916956,22.38614396603467,0,0,3.5779478934066544,3.1084421945209373,-0.8698010337892373,2.684003285425703,7.906706372104427,0.0,0.0,0.0
Baarle-Nassau,2400.128834355828,7071.0,93.0,7612.0,35.8,0.41889407438834675,2.9,69.7,13.943281566509116,39.502383326433964,0,0,3.5779478934066544,3.6763610074649247,-0.8701371967764967,2.63499778412138,7.78327769587686,0.0,0.0,0.0
Baarn,4568.372881355932,25008.0,769.0,3254.0,41.5,0.47144913627639157,3.3,72.9,34.130619168787106,15.868620921516381,139,1,3.7256934272366524,2.764343632307254,-0.7519440591298412,3.53019490423625,8.426912377022752,3.53019490423625,769.0,2.764343632307254
Barendrecht,3673.3700787401576,48812.0,2493.0,1958.0,41.0,0.40461361960173725,3.2,75.4,27.29113924050633,8.912705364370636,122,1,3.713572066704308,2.1874778277605706,-0.9048226929224622,3.3065620795618664,8.208864797275558,3.3065620795618664,2493.0,2.1874778277605706
Barneveld,3594.889705882353,61655.0,351.0,17584.0,37.4,0.38238585678371584,2.8,77.9,21.76789955887343,36.38749146626961,342,1,3.6216707044204863,3.5942250745480346,-0.9613250838871003,3.0804363873060874,8.187268589818682,3.0804363873060874,351.0,3.5942250745480346
Beek,2254.2108843537417,16132.0,766.0,2107.0,35.7,0.46782791966278203,3.1,70.7,24.65880482310852,12.404494808586719,49,1,3.5751506887855933,2.518058891492779,-0.7596547437083904,3.205134030345474,7.720555250273715,3.205134030345474,766.0,2.518058891492779
Beekdaelen,2034.4545454545455,35966.0,459.0,7830.0,35.8,0.46613468275593617,2.9,69.8,15.013420817178647,17.04746210637929,98,1,3.5779478934066544,2.8360013425845247,-0.7632806678248133,2.7089445222230784,7.617983025316785,2.7089445222230784,459.0,2.8360013425845247
Beesel,2426.3380281690143,13449.0,482.0,2788.0,33.4,0.45319354598854933,3.1,71.6,15.110746513535686,45.48168172192202,71,1,3.5085558999826545,3.8173096453737627,-0.7914359909081773,2.7154061803280265,7.794138415399099,2.7154061803280265,482.0,3.8173096453737627
Berg en Dal,3167.5407407407406,35420.0,410.0,8639.0,35.1,0.4540372670807453,3.0,70.5,19.991294615097623,55.42977307464937,0,0,3.55820113047182,4.015116869514789,-0.7895759982287301,2.9952969095517163,8.060710774224889,0.0,0.0,0.0
Bergeijk,2455.3953488372094,19092.0,189.0,10102.0,39.2,0.4308087156924366,2.7,74.4,13.082066869300913,15.322212048905735,0,0,3.6686767467964168,2.7293035435045248,-0.8420911024922145,2.5712423510762488,7.8060430654862545,0.0,0.0,0.0
Bergen (L.),2138.9240506329115,13119.0,127.0,10326.0,34.2,0.4448509794953884,3.0,71.5,7.042494859492804,47.25844743171804,0,0,3.5322256440685598,3.855631419583884,-0.810015930438354,1.9519624908416497,7.668058201501534,0.0,0.0,0.0
Bergen (NH.),5252.396946564885,30138.0,304.0,9900.0,43.6,0.5134050036498772,3.0,68.9,28.617591934337234,36.514954894352385,0,0,3.7750571503549883,3.5977218998077856,-0.6666902644884273,3.354021631326946,8.566439812643749,0.0,0.0,0.0
Bergen op Zoom,2796.603305785124,68864.0,861.0,7997.0,34.4,0.45743784851301117,3.6,70.3,30.224437319450175,48.63954548367168,109,1,3.5380565643793527,3.88443689311737,-0.7821142537398257,3.408650779932207,7.93616085467897,3.408650779932207,861.0,3.88443689311737
Berkelland,2606.064935064935,44022.0,171.0,25809.0,34.6,0.45068374903457364,2.8,72.6,19.243951612903228,99.01754279009788,62,1,3.543853682063679,4.595297034336521,-0.7969894071031854,2.9571968094349206,7.865596674897353,2.9571968094349206,171.0,4.595297034336521
Bernheze,3064.1666666666665,32263.0,360.0,8973.0,38.9,0.4062548430090196,2.7,75.4,12.230106050202181,29.299501088657852,0,0,3.660994250624401,3.3775704881871906,-0.9007746241562761,2.503900620978099,8.027530924507317,0.0,0.0,0.0
Best,3207.205673758865,30897.0,912.0,3389.0,38.5,0.4316600317182898,3.1,75.6,20.16195546224788,11.268529477877863,121,1,3.6506582412937387,2.4220138384271808,-0.8401169641715169,3.0037974356345614,8.073155330395974,3.0037974356345614,912.0,2.4220138384271808
Beuningen,3083.3868613138684,26573.0,609.0,4360.0,37.3,0.4286681970421104,3.1,74.5,15.626371696953736,49.24702591438428,0,0,3.6189933266497696,3.8968489782695053,-0.8470720927763711,2.7489599803743103,8.033783902113791,0.0,0.0,0.0
Beverwijk,3737.181818181818,42711.0,2327.0,1835.0,34.1,0.46606260682259837,3.6,73.8,45.40339596101678,21.24547844747138,77,1,3.5292973842894715,3.056144093787252,-0.7634353044758467,3.8155869031533074,8.226087081815939,3.8155869031533074,2327.0,3.056144093787252
De Bilt,4677.3,43884.0,663.0,6619.0,44.1,0.4531036368608149,3.3,73.1,35.33494266747134,6.702159939086262,209,1,3.7864597824528,1.902429853412085,-0.7916344007228183,3.5648723515993006,8.450476299350616,3.5648723515993006,663.0,1.902429853412085
Bladel,2869.3896103896104,21009.0,279.0,7533.0,37.4,0.4341472702175258,2.8,75.6,17.08146036618792,16.52190268387723,0,0,3.6216707044204863,2.80468693602959,-0.8343714701434691,2.837993686238627,7.96185460682746,0.0,0.0,0.0
Blaricum,6295.641176470588,12490.0,1128.0,1107.0,62.8,0.43018414731785426,3.0,71.9,13.5678391959799,23.099338906703814,0,0,4.1399550734741535,3.139803998360813,-0.843541912390802,2.607702227267928,8.747612796171747,0.0,0.0,0.0
Bloemendaal,6559.120481927711,23922.0,602.0,3977.0,74.3,0.4289775102416186,3.1,72.3,27.64568310270902,21.651777766706047,155,1,4.308110951723714,3.0750875650129483,-0.8463507851074998,3.3194695892950326,8.788611800072688,3.3194695892950326,602.0,3.0750875650129483
Bodegraven-Reeuwijk,3508.5801526717555,36308.0,482.0,7540.0,40.6,0.4151702104219456,2.9,75.7,20.279952235637523,24.488730064821272,105,1,3.7037680666076866,3.1982130143652086,-0.8790666972431027,3.0096328234755108,8.162966719713355,3.0096328234755108,482.0,3.1982130143652086
Boekel,2605.0175438596493,11163.0,324.0,3450.0,38.7,0.40472991131416286,2.7,76.8,13.014608233731739,25.935864223604735,0,0,3.6558396000357365,3.2556267299242787,-0.9045353199867836,2.5660724368587697,7.865194688851795,0.0,0.0,0.0
Borger-Odoorn,2300.0333333333333,25919.0,94.0,27469.0,34.1,0.44106639916663454,2.9,70.5,7.995101469559132,40.42159296902862,0,0,3.5292973842894715,3.6993641216152486,-0.8185598498653571,2.078829037832538,7.7406788945658445,0.0,0.0,0.0
Borne,2648.2587412587413,24524.0,944.0,2599.0,36.6,0.42028217256565,2.9,75.5,14.786067720966333,101.64550126327033,79,1,3.600048240407321,4.621491281970242,-0.8668289538457858,2.69368536719789,7.881657624239114,2.69368536719789,944.0,4.621491281970242
Borsele,2293.183673469388,23159.0,164.0,14147.0,36.4,0.4324452696575845,2.6,75.0,7.728407388916625,70.2503052284768,0,0,3.5945687746426946,4.2520646530937665,-0.8382995047619021,2.0449028114779,7.737696381468236,0.0,0.0,0.0
Boxtel,3161.2836879432625,33748.0,489.0,6901.0,37.1,0.4358480502548299,3.0,74.3,26.5211775103678,20.08853592815738,127,1,3.6136169696133895,3.000149300519585,-0.8304616049661744,3.2779435651754047,8.058733454453536,3.2779435651754047,489.0,3.000149300519585
Breda,3737.264957264957,186438.0,1483.0,12569.0,36.1,0.46517877256782414,3.7,74.2,39.95410887036333,42.41799838918203,327,1,3.586292865338835,3.7475727624782857,-0.765333490144383,3.6877315172455374,8.226109328033122,3.6877315172455374,1483.0,3.7475727624782857
Bronckhorst,2767.7345679012346,36277.0,128.0,28353.0,38.1,0.45133280039694573,2.6,72.5,17.058572039333047,81.05393147066654,62,1,3.6402142821326553,4.39511475373774,-0.7955502949831275,2.836652836293776,7.925784419040258,2.836652836293776,128.0,4.39511475373774
Brummen,2915.091603053435,21105.0,252.0,8363.0,36.5,0.4570954750059228,2.9,72.8,12.293977402301232,68.12577000167342,120,1,3.597312260588446,4.22135555569639,-0.7828629930460455,2.5091095003752084,7.977656523009006,2.5091095003752084,252.0,4.22135555569639
Brunssum,2032.808,27682.0,1606.0,1724.0,30.9,0.5242395780651687,3.7,66.5,30.492006615214994,22.719891210843407,0,0,3.4307561839036995,3.123240805586355,-0.6458064891017292,3.4174645710752034,7.617173367456692,0.0,0.0,0.0
Bunnik,4077.607407407407,16026.0,434.0,3693.0,41.2,0.4220641457631349,2.8,76.6,18.125369603784744,8.350846398667738,86,1,3.7184382563554808,2.122362898835577,-0.862597972319545,2.897312592465777,8.313265675633808,2.897312592465777,434.0,2.122362898835577
Bunschoten,3534.064,22500.0,740.0,3039.0,37.9,0.39222222222222225,2.7,77.6,21.439093484419264,23.119716140514264,0,0,3.634951112088381,3.140685766069388,-0.9359267063910139,3.0652160537984177,8.170203762506267,0.0,0.0,0.0
Buren,3097.4493670886077,27725.0,208.0,13360.0,39.0,0.4012623985572588,2.7,75.0,7.721348314606742,25.682227296083934,0,0,3.6635616461296463,3.245799207774245,-0.9131397051841268,2.043989000937906,8.038334266989906,0.0,0.0,0.0
Capelle aan den IJssel,3549.4077669902913,67552.0,4777.0,1414.0,34.5,0.4661297963050687,4.1,71.2,55.50050813008131,7.286224080795859,78,1,3.5409593240373143,1.9859854530950365,-0.7632911507960672,4.016392176207438,8.174536042352505,4.016392176207438,4777.0,1.9859854530950365
Castricum,3970.1147540983607,36345.0,732.0,4964.0,41.1,0.44969046636401155,2.8,74.1,22.90748898678414,25.858057866268293,195,1,3.716008121502189,3.2526222686776527,-0.7991957854212779,3.131463887088116,8.286550278577934,3.131463887088116,732.0,3.2526222686776527
Coevorden,2444.4444444444443,35700.0,121.0,29611.0,33.8,0.4452380952380952,3.0,69.4,13.324944951242529,54.42501384610618,127,1,3.520460802488973,3.9968238615276745,-0.8091460944228275,2.58963783880454,7.801573155004234,2.58963783880454,121.0,3.9968238615276745
Cranendonck,2575.99358974359,20851.0,273.0,7650.0,36.6,0.4383003213275143,2.9,71.2,9.508698982383192,17.817330516095986,59,1,3.600048240407321,2.8801716081329034,-0.824850938435319,2.2522070619812817,7.853990598767573,2.2522070619812817,273.0,2.8801716081329034
Culemborg,3560.2916666666665,29729.0,1016.0,2927.0,36.4,0.43805711594739144,3.2,74.1,25.332104737771633,17.172261826082536,168,1,3.5945687746426946,2.8432953975138684,-0.8254059754008812,3.2320725532489694,8.177597749329042,3.2320725532489694,1016.0,2.8432953975138684
Dalfsen,2889.8662420382166,29612.0,179.0,16502.0,36.7,0.41645278940969876,2.6,76.4,13.712293220888744,80.72179012927899,82,1,3.6027767550605247,4.391008552822229,-0.875982174556948,2.6182927458806304,7.9689654970036266,2.6182927458806304,179.0,4.391008552822229
Dantumadiel,2260.2312925170068,19194.0,227.0,8460.0,31.6,0.43049911430655413,3.1,71.8,9.778530799951591,39.37511952509529,175,1,3.4531571205928664,3.6731341326991656,-0.8428100124763886,2.2801892478080026,7.723222428851449,2.2801892478080026,227.0,3.6731341326991656
Delft,4411.102272727273,106086.0,4681.0,2266.0,29.7,0.4978602266086006,4.6,72.0,67.1008785216601,9.100448748682293,468,1,3.391147045808654,2.2083237253489667,-0.6974359108131701,4.206197136614134,8.391879885673212,4.206197136614134,4681.0,2.2083237253489667
Deurne,2544.0925925925926,32977.0,282.0,11676.0,35.5,0.4339994541650241,2.9,74.0,14.721911682504194,25.315646570185585,144,1,3.56953269648137,3.2314226460866444,-0.8347120025667993,2.6893369746037252,7.84152932025703,2.6893369746037252,282.0,3.2314226460866444
Deventer,3253.6814159292035,102781.0,787.0,13056.0,33.3,0.4574289022290112,3.6,73.3,32.8384558119749,78.45215920339288,324,1,3.505557396986398,4.362489002106757,-0.7821338113070735,3.491600261918841,8.087542377616918,3.491600261918841,787.0,4.362489002106757
Diemen,5674.8,32785.0,2744.0,1195.0,35.1,0.4867774897056581,4.2,73.9,64.1017607619525,6.533264237681883,262,1,3.55820113047182,1.876906701647419,-0.7199481602985334,4.160471832534577,8.64379059943783,4.160471832534577,2744.0,1.876906701647419
Dijk en Waard,3376.361344537815,88985.0,1438.0,6190.0,36.5,0.4209585885261561,3.1,74.9,21.22587362182653,35.3718308828878,159,1,3.597312260588446,3.5659157656008436,-0.8652208146838124,3.0552208913893013,8.124553883322848,3.0552208913893013,1438.0,3.5659157656008436
Dinkelland,2403.109090909091,26743.0,152.0,17572.0,38.4,0.4182776801405975,2.6,75.2,14.920436259610225,97.00581260103611,0,0,3.648057459593681,4.5747709004300505,-0.8716097604548563,2.702731834268393,7.784518632504227,0.0,0.0,0.0
Doesburg,2966.7049180327867,11081.0,959.0,1156.0,32.8,0.48551574767620254,3.5,67.4,22.230483271375466,70.60775366286177,0,0,3.490428515390098,4.257139963721845,-0.7225435557804952,3.1014644673428386,7.995207160687915,0.0,0.0,0.0
Doetinchem,2908.9761904761904,59195.0,749.0,7904.0,34.1,0.45334910043077964,3.2,72.8,25.05589506632881,80.94454146274435,391,1,3.5292973842894715,4.393764246877181,-0.7910928091629579,3.2211091318338188,7.975556473682123,3.2211091318338188,749.0,4.393764246877181
Dongen,2996.485294117647,27200.0,930.0,2923.0,36.5,0.4313235294117647,2.8,75.7,16.331401295601772,42.26634997813468,0,0,3.597312260588446,3.7439912606760632,-0.840896822186747,2.7930897144215554,8.00519531219978,0.0,0.0,0.0
Dordrecht,3240.875,121434.0,1566.0,7756.0,34.3,0.4660638700858079,3.7,72.0,44.262845430772494,22.415221293613723,714,1,3.5351453541718945,3.109740250126759,-0.7634325939784178,3.7901456215481515,8.083598634054665,3.7901456215481515,1566.0,3.109740250126759
Drechterland,3037.4794520547944,20385.0,346.0,5888.0,38.1,0.42197694383124845,2.8,74.3,11.880957916763544,37.41655465483232,83,1,3.6402142821326553,3.622113244315002,-0.8628046019096722,2.4749369434080597,8.018783322870298,2.4749369434080597,346.0,3.622113244315002
Drimmelen,2827.0699300699303,27994.0,295.0,9505.0,37.6,0.43516467814531684,2.7,75.0,13.257264816943032,31.58469431223559,0,0,3.6270040503958487,3.4526726460462887,-0.8320307490841613,2.5845456902484183,7.946996093882141,0.0,0.0,0.0
Dronten,2897.0814814814817,43593.0,131.0,33360.0,35.1,0.4208015048287569,3.1,74.6,13.622982991713911,56.094483157956574,77,1,3.55820113047182,4.027037468262648,-0.8655940414510652,2.611758292285303,7.971459123532424,2.611758292285303,131.0,4.027037468262648
Druten,2770.176056338028,19505.0,520.0,3752.0,36.0,0.43235067931299664,2.8,74.8,18.29716589588521,41.22265871076654,0,0,3.58351893845611,3.7189880738860426,-0.8385182623661154,2.9067461787766105,7.92666615540642,0.0,0.0,0.0
Duiven,2957.2109375,24937.0,736.0,3388.0,35.9,0.4356979588563179,3.0,74.3,13.83341003221353,63.32896995207005,107,1,3.580737295494233,4.148342885625342,-0.8308060306153696,2.627086683050536,7.992001852276132,2.627086683050536,736.0,4.148342885625342
Echt-Susteren,2024.61875,31967.0,310.0,10302.0,34.6,0.4664497763318422,3.1,68.7,15.954664341761116,30.169213000896153,137,1,3.543853682063679,3.4068219673450284,-0.7626049250868219,2.7697512217001417,7.6131366902103785,2.7697512217001417,310.0,3.4068219673450284
Edam-Volendam,3138.203125,36760.0,677.0,5432.0,40.2,0.4264961915125136,2.6,74.6,13.592294935578517,20.78526352589761,0,0,3.6938669956249752,3.034244251281798,-0.8521518417209558,2.609503083338041,8.05140566191824,0.0,0.0,0.0
Ede,3573.233333333333,122012.0,384.0,31815.0,36.4,0.423876340032128,3.1,75.7,32.51092462972272,41.45822972924833,492,1,3.5945687746426946,3.7246864078145197,-0.8583135171561874,3.4815761753054817,8.181226160490466,3.4815761753054817,384.0,3.7246864078145197
Eemnes,3481.17037037037,9598.0,309.0,3104.0,40.9,0.42977703688268387,2.9,75.0,10.303030303030303,20.866771761508023,0,0,3.711130063048756,3.038158025919255,-0.8444887236494095,2.332438056143727,8.15512382955269,0.0,0.0,0.0
Eemsdelta,1836.1702127659576,45394.0,169.0,26807.0,31.0,0.5196061153456404,3.7,68.1,20.248441938355874,21.807330148087274,306,1,3.4339872044851463,3.082246158602357,-0.6546842249215395,3.008077849276654,7.51543727536146,3.008077849276654,169.0,3.082246158602357
Eersel,2997.626506024096,20004.0,243.0,8247.0,40.5,0.4330133973205359,2.6,75.5,17.063033941353037,10.690952878342332,0,0,3.7013019741124933,2.3693978584210815,-0.8369866107642223,2.8369143657216664,8.005576089855682,0.0,0.0,0.0
Eijsden-Margraten,2346.7251461988303,25991.0,335.0,7756.0,38.6,0.441999153553153,2.8,71.6,15.215877437325906,8.015425791865475,34,1,3.6532522764707855,2.0813679090254475,-0.816447311944388,2.722339450915567,7.760776080428657,2.722339450915567,335.0,2.0813679090254475
Eindhoven,3743.287037037037,243730.0,2769.0,8802.0,33.3,0.48550855454806546,4.1,73.9,40.75279085293198,3.007639412129022,562,1,3.505557396986398,1.101155522614963,-0.7225583713275845,3.707524324530246,8.227719391321925,3.707524324530246,2769.0,1.101155522614963
Elburg,3037.5736434108526,24037.0,377.0,6382.0,35.2,0.40608228980322003,2.8,76.2,15.264829423214834,61.13067970355045,74,1,3.5610460826040513,4.1130138629637765,-0.9011994556736964,2.725551451752631,8.018814332099218,2.725551451752631,377.0,4.1130138629637765
Emmen,2253.507575757576,108765.0,324.0,33533.0,31.5,0.4627591596561394,3.5,67.8,20.517762059922116,58.55049560472552,225,1,3.449987545831587,4.069889554648816,-0.7705485337619442,3.021290952947637,7.720243203898993,3.021290952947637,324.0,4.069889554648816
Enkhuizen,3041.8125,18885.0,1491.0,1266.0,34.8,0.4727032036007413,3.3,72.8,26.64949031029461,45.990299002378194,81,1,3.5496173867804286,3.82843048299576,-0.7492875639671952,3.282770025111687,8.020208833838726,3.282770025111687,1491.0,3.82843048299576
Enschede,3093.03738317757,161235.0,1146.0,14073.0,29.2,0.47792972989735477,4.4,70.3,37.0560220091099,112.97458495233305,456,1,3.3741687092742363,4.727162881489604,-0.7382915658804418,3.6124308758922226,8.036908858993398,3.6124308758922226,1146.0,4.727162881489604
Epe,3588.0,33283.0,213.0,15612.0,37.0,0.44599345010966557,2.8,73.0,21.53058474804635,62.45979163927692,0,0,3.6109179126442243,4.134523015942819,-0.807451012922679,3.0694744706937684,8.185350223178686,0.0,0.0,0.0
Ermelo,3740.0763358778627,27496.0,321.0,8564.0,37.5,0.4235888856560954,2.9,73.7,23.499613634412295,43.27377462520007,71,1,3.624340932976365,3.76754678466368,-0.858991903427018,3.156983979926119,8.226861300862812,3.156983979926119,321.0,3.76754678466368
Etten-Leur,3185.818897637795,44578.0,806.0,5529.0,35.6,0.4434025752613397,3.2,73.8,20.105231205099667,40.30491935641916,77,1,3.572345637857985,3.6964735299003944,-0.813277173830009,3.000980040163724,8.06646464567727,3.000980040163724,806.0,3.6964735299003944
De Fryske Marren,2393.4934210526317,51992.0,148.0,35121.0,35.1,0.4537813509770734,3.1,72.6,9.392616454032975,65.59968520322967,0,0,3.55820113047182,4.183570897207274,-0.7901398027274715,2.2399238970085524,7.7805092601563945,0.0,0.0,0.0
Geertruidenberg,3019.859375,22099.0,831.0,2660.0,35.7,0.4579392732702837,2.8,75.2,21.679841897233203,37.60182704603099,0,0,3.5751506887855933,3.6270526408650734,-0.7810186947718484,3.07638288398181,8.012965544715215,0.0,0.0,0.0
Geldrop-Mierlo,3266.5112781954886,40441.0,1304.0,3101.0,36.8,0.45270888454785985,3.3,73.5,22.017697181559974,8.655620995181726,59,1,3.6054978451748854,2.158208935930845,-0.7925059990472303,3.0918465473317247,8.091477806959825,3.0918465473317247,1304.0,2.158208935930845
Gemert-Bakel,2659.266666666667,31383.0,257.0,12207.0,35.3,0.41388649906000063,2.8,74.5,15.012703056432366,24.092427214843518,0,0,3.5638829639392506,3.1818975676676002,-0.8821634996045866,2.7088967131386,7.885805674543427,0.0,0.0,0.0
Gennep,2595.0204081632655,17764.0,373.0,4757.0,34.6,0.4337424003602792,3.2,71.9,13.251135626216742,47.530115228837225,0,0,3.543853682063679,3.861363514962075,-0.8353044686577767,2.5840832563985408,7.861349659986508,0.0,0.0,0.0
Gilze en Rijen,3062.8030303030305,26815.0,410.0,6538.0,35.3,0.42916278202498603,2.9,73.8,15.415363225582205,40.54459132866228,63,1,3.5638829639392506,3.7024023888947983,-0.845918986745587,2.735364624186178,8.027085798628262,2.735364624186178,410.0,3.7024023888947983
Goeree-Overflakkee,2997.4263565891474,51590.0,197.0,26220.0,36.9,0.43737158364024037,2.7,75.4,14.146427938308811,31.16079436735829,0,0,3.6082115510464816,3.4391607138534135,-0.8269721393788289,2.649462149697924,8.005509318322682,0.0,0.0,0.0
Goes,2849.818181818182,39433.0,426.0,9248.0,34.9,0.483757259148429,2.8,73.8,26.252883204026002,63.02298899804319,114,1,3.5524868292083815,4.1434995645608375,-0.7261720287591498,3.267775819349911,7.955010475374385,3.267775819349911,426.0,4.1434995645608375
Goirle,3429.810218978102,24177.0,563.0,4297.0,37.8,0.4368201182942466,2.9,73.1,16.29580532146577,31.323537633416457,0,0,3.632309102625542,3.444369816002597,-0.8282337972461465,2.790907732453156,8.140260208885245,0.0,0.0,0.0
Gooise Meren,5293.2338709677415,60341.0,1456.0,4143.0,46.3,0.45723471603055965,3.3,75.1,32.45378760420442,17.168525974838353,296,1,3.835141961092188,2.843077822350446,-0.7825584181187855,3.4798171575776706,8.574184655837037,3.4798171575776706,1456.0,2.843077822350446
Gorinchem,3733.3867924528304,38461.0,2055.0,1871.0,37.7,0.462520475286654,3.4,74.0,43.628084771488,29.676546077729686,113,1,3.629660094453965,3.39035703948328,-0.7710644521195213,3.7757010891169602,8.225071087919561,3.7757010891169602,2055.0,3.39035703948328
Gouda,3559.0686274509803,75316.0,4565.0,1650.0,34.9,0.4577646184077752,3.5,73.0,41.75247266293471,18.440703576835446,637,1,3.5524868292083815,2.9145603723265676,-0.7814001605845717,3.73175867500262,8.177254168114667,3.73175867500262,4565.0,2.9145603723265676
's-Gravenhage,4400.946808510638,562839.0,6827.0,8244.0,33.8,0.48010176977785834,4.7,69.3,78.74583672563097,0.25733695520084854,1176,1,3.520460802488973,-1.3573689431098206,-0.7337571771828045,4.36622540933212,8.389574980510067,4.36622540933212,6827.0,-1.3573689431098206
Groningen,3397.3883495145633,238147.0,1284.0,18553.0,28.7,0.5152909757418738,4.8,71.2,60.99009900990099,3.634166000012917,968,1,3.3568971227655755,1.2903796486260481,-0.6630235364310876,4.1107115396863065,8.13076228294361,4.1107115396863065,1284.0,1.2903796486260481
Gulpen-Wittem,2208.9937888198756,14210.0,194.0,7318.0,35.8,0.48501055594651654,3.0,67.4,21.140452698781196,15.785624980182005,0,0,3.5779478934066544,2.7590997145224554,-0.723584623443326,3.051188394535476,7.70029239165513,0.0,0.0,0.0
Haaksbergen,2582.9444444444443,24502.0,234.0,10478.0,35.3,0.4353114031507632,2.9,73.6,17.185449090568163,111.88248625705948,0,0,3.5638829639392506,4.717449090620445,-0.8316936346935684,2.844063042667249,7.856685284712947,0.0,0.0,0.0
Haarlem,5022.663366336634,165396.0,5662.0,2921.0,37.6,0.4715954436624828,3.7,75.1,50.532051282051285,17.498666615974525,519,1,3.6270040503958487,2.862124684653722,-0.7516337718107103,3.9226078138103713,8.521715623056394,3.9226078138103713,5662.0,2.862124684653722
Haarlemmermeer,4414.226086956522,162300.0,823.0,19721.0,39.7,0.4107147258163894,3.5,76.0,25.684453712176904,16.178712625763882,1275,1,3.681351187693145,2.7836963426900305,-0.8898564032536256,3.2458858949438523,8.39258780593009,3.2458858949438523,823.0,2.7836963426900305
Halderberge,2808.5845070422533,31041.0,417.0,7444.0,35.6,0.4414161914886763,3.1,72.7,13.30462706174281,37.23704110914612,66,1,3.572345637857985,3.6173039946105603,-0.8177671037102159,2.5881118741039097,7.940435901262458,2.5881118741039097,417.0,3.6173039946105603
Hardenberg,2458.6197183098593,62509.0,200.0,31216.0,34.8,0.41344446399718443,2.9,74.9,15.059588299024917,70.48844102567934,295,1,3.5496173867804286,4.255448739293229,-0.8832320806794319,2.7120148846159307,7.8073553813385,2.7120148846159307,200.0,4.255448739293229
Harderwijk,3773.853448275862,48906.0,1256.0,3892.0,35.3,0.44070257228151966,3.1,74.9,32.66366631095439,45.73209502051127,72,1,3.5638829639392506,3.822800349446114,-0.8193850703426987,3.4862633381603656,8.235851893239133,3.4862633381603656,1256.0,3.822800349446114
Hardinxveld-Giessendam,3253.1478260869567,18681.0,1108.0,1686.0,36.3,0.404153953214496,2.7,77.2,24.82119205298013,27.82207040224493,289,1,3.591817741270805,3.3258296050865144,-0.9059594012974913,3.2116978065433885,8.087378368443295,3.2116978065433885,1108.0,3.3258296050865144
Harlingen,2386.72,16188.0,649.0,2496.0,31.4,0.4963553249320484,3.5,70.0,23.360298693217175,74.57890013013235,128,1,3.4468078929142076,4.311857627124262,-0.7004632278241433,3.1510379444029875,7.77767531740562,3.1510379444029875,649.0,4.311857627124262
Hattem,3377.834532374101,12563.0,545.0,2307.0,38.0,0.43516675953195894,2.8,75.7,17.76111212730931,76.40976533132637,0,0,3.6375861597263857,4.336110506477248,-0.8320259661094186,2.877011355384417,8.12499011226453,0.0,0.0,0.0
Heemskerk,3797.8672566371683,39431.0,1446.0,2727.0,36.1,0.45350105247140576,3.3,72.8,34.07896208477799,23.672351837360203,76,1,3.586292865338835,3.164307778005375,-0.7907576886547638,3.5286802462384825,8.242194939902344,3.5286802462384825,1446.0,3.164307778005375
Heemstede,5448.3,27778.0,3029.0,917.0,48.9,0.4630642954856361,3.2,73.2,35.34167768016792,19.753095448327354,178,1,3.8897773964808264,2.9833102106269016,-0.7698893673974488,3.565062938321864,8.603058912392564,3.565062938321864,3029.0,2.9833102106269016
Heerde,3713.9457364341083,19214.0,245.0,7855.0,36.1,0.42651191839283853,2.6,74.3,17.071384990848077,72.37780575639327,0,0,3.586292865338835,4.281899702069455,-0.8521149677917538,2.8374036694756426,8.219850131260442,0.0,0.0,0.0
Heerenveen,2626.231884057971,51637.0,272.0,18997.0,33.6,0.46497666401998566,3.5,73.3,23.91503540191587,46.474246706746705,193,1,3.5145260669691587,3.8388983249069533,-0.7657680595573418,3.174507357453802,7.873305354108944,3.174507357453802,272.0,3.8388983249069533
Heerlen,2144.304347826087,87122.0,1940.0,4491.0,29.3,0.5334358715364661,4.1,64.0,37.18423204372337,20.022701589564207,399,1,3.3775875160230218,2.9968667093165564,-0.6284164187709184,3.6158848016285248,7.670570465393372,3.6158848016285248,1940.0,2.9968667093165564
Heeze-Leende,2839.176470588235,16627.0,160.0,10392.0,41.1,0.4267155830877488,2.7,73.2,9.894291754756871,10.072767993447455,59,1,3.716008121502189,2.309835544177418,-0.8516375694462364,2.2919580004197595,7.951269313959342,2.2919580004197595,160.0,2.309835544177418
Heiloo,4514.8536585365855,24319.0,1300.0,1871.0,41.3,0.45737900407089105,3.0,73.0,25.54167041265846,29.034295937967865,160,1,3.7208624999669873,3.3684777497946152,-0.782242901221636,3.24031125225025,8.41512805304154,3.24031125225025,1300.0,3.3684777497946152
Den Helder,2480.311320754717,56539.0,1254.0,4510.0,32.1,0.5043951962362263,3.5,70.4,26.94087944456133,62.44045972449651,165,1,3.4688560301359703,4.134213458280225,-0.6843951986555452,3.293644815013662,7.8161393638428605,3.293644815013662,1254.0,4.134213458280225
Hellendoorn,2869.462121212121,36261.0,263.0,13793.0,35.2,0.41534982488072586,2.7,75.5,15.41066330256955,92.8451267650437,130,1,3.5610460826040513,4.530932801392181,-0.878634162315718,2.73505969205068,7.9618798769776244,2.73505969205068,263.0,4.530932801392181
Helmond,3215.289256198347,94898.0,1785.0,5317.0,33.5,0.4461316360724146,3.8,72.7,27.396839643810377,14.851845587088581,326,1,3.5115454388310208,2.6981241394851727,-0.8071412223652907,3.3104276652749114,8.075672603448336,3.3104276652749114,1785.0,2.6981241394851727
Hendrik-Ido-Ambacht,3445.383333333333,32183.0,3159.0,1019.0,38.8,0.39539508436130877,2.9,77.8,23.607072691552062,14.422595875231071,0,0,3.6584202466292277,2.668796134742071,-0.9278698003883804,3.1615463574533935,8.14479044963287,0.0,0.0,0.0
Hengelo,2719.823529411765,82311.0,1353.0,6084.0,32.8,0.4801666848902334,3.6,73.2,30.03061508488728,108.13710729499954,415,1,3.490428515390098,4.683399933965968,-0.7336219751730783,3.4022173641327074,7.908322278292584,3.4022173641327074,1353.0,4.683399933965968
's-Hertogenbosch,3860.478260869565,158753.0,1450.0,10948.0,36.6,0.4739815940486164,3.3,74.3,40.3024745501422,33.5281007101324,640,1,3.600048240407321,3.512383914380261,-0.7465867891620706,3.696412870296871,8.258546356563365,3.696412870296871,1450.0,3.512383914380261
Heumen,2890.072847682119,16824.0,423.0,3973.0,39.1,0.43859961959106036,3.0,74.1,17.31941997560645,46.493706021632384,0,0,3.66612246699132,3.839316949058584,-0.8241683103241692,2.8518284138672048,7.969036987599214,0.0,0.0,0.0
Heusden,3091.75,45830.0,581.0,7886.0,37.1,0.43118044948723544,2.8,74.4,15.363594959769241,36.87066714262612,0,0,3.6136169696133895,3.6074163065392564,-0.8412286001943672,2.732000747194809,8.036492552622168,0.0,0.0,0.0
Hillegom,3823.973214285714,22453.0,1747.0,1286.0,36.8,0.4508974301875028,3.0,75.5,31.21295930462268,23.614242337082544,80,1,3.6054978451748854,3.161850018864823,-0.7965153928671862,3.4408333709040346,8.249045269514362,3.4408333709040346,1747.0,3.161850018864823
Hilvarenbeek,3115.9281437125746,15949.0,168.0,9487.0,39.2,0.4407799862060317,2.5,74.9,12.162162162162163,22.871824154002145,0,0,3.6686767467964168,3.1299057667254218,-0.8192094255180435,2.498329670120141,8.04428234629874,0.0,0.0,0.0
Hilversum,4722.028037383177,93345.0,2047.0,4561.0,38.7,0.46727730462263645,3.6,74.3,41.92535191893255,15.040367730886707,565,1,3.6558396000357365,2.7107377684147282,-0.7608323974942566,3.7358907016855527,8.45999365523545,3.7358907016855527,2047.0,2.7107377684147282
Hoeksche Waard,3269.3225806451615,89760.0,334.0,26854.0,39.0,0.4347816399286987,2.7,75.3,16.840055347716905,17.174964062989307,0,0,3.6635616461296463,2.8434527457038548,-0.8329113511015793,2.823760295490306,8.092338080548098,0.0,0.0,0.0
Hof van Twente,2556.8129032258066,35455.0,167.0,21243.0,36.7,0.4351431391905232,2.8,74.4,14.791288566243194,101.43271831201484,126,1,3.6027767550605247,4.619395704910632,-0.8320802464099787,2.694038397081994,7.8465168021900915,2.694038397081994,167.0,4.619395704910632
Het Hogeland,1661.5058139534883,48298.0,101.0,47674.0,32.3,0.47233839910555303,3.1,70.7,10.261692894402314,17.79113310193402,668,1,3.475067230228611,2.8787001928441356,-0.7500596030229649,2.3284178255861274,7.4154795870082015,2.3284178255861274,101.0,2.8787001928441356
Hollands Kroon,2618.062068965517,49431.0,138.0,35763.0,35.2,0.43397867734822276,2.9,73.5,10.54913294797688,51.51465133711188,81,1,3.5610460826040513,3.941866259192275,-0.8347598766227254,2.356043671518813,7.870189654731781,2.356043671518813,138.0,3.941866259192275
Hoogeveen,2438.4761904761904,56433.0,442.0,12754.0,32.0,0.456736306770861,3.2,72.5,26.001939864209504,55.28106382751795,72,1,3.4657359027997265,4.01243042362153,-0.7836490638759696,3.2581711454001865,7.799128611098417,3.2581711454001865,442.0,4.01243042362153
Hoorn,3387.6071428571427,75216.0,3692.0,2037.0,34.8,0.45641884705381836,3.5,72.4,29.452374016894844,33.94201101777363,333,1,3.5496173867804286,3.524653510194926,-0.7843443668121739,3.3827745186277527,8.12787909357549,3.3827745186277527,3692.0,3.524653510194926
Horst aan de Maas,2247.117283950617,43641.0,231.0,18867.0,35.9,0.4218280974313146,2.8,76.2,12.091911564995382,40.06247127886007,84,1,3.580737295494233,3.690440017772303,-0.8631573999950095,2.4925367633770192,7.717403466617843,2.4925367633770192,231.0,3.690440017772303
Houten,4234.435483870968,50581.0,921.0,5490.0,40.6,0.4194658073189538,2.8,76.0,25.196776170052317,10.251492496840836,337,1,3.7037680666076866,2.3274233044322767,-0.8687732645757428,3.226716056573839,8.35100530041396,3.226716056573839,921.0,2.3274233044322767
Huizen,4500.567796610169,41252.0,2609.0,1581.0,39.3,0.4636866091341026,3.3,71.4,28.54454203262233,23.52279431462882,0,0,3.6712245188752153,3.1579699218676476,-0.7685463662977989,3.3514657455888814,8.411958844823243,0.0,0.0,0.0
Hulst,1999.0069444444443,27596.0,137.0,20126.0,35.1,0.494600666763299,2.8,68.9,10.454978386694997,72.62104182421959,0,0,3.55820113047182,4.285254712127013,-0.7040045758098038,2.3470782656087326,7.6004058084535675,0.0,0.0,0.0
IJsselstein,4101.051724137931,33492.0,1594.0,2101.0,39.2,0.4339245192881882,3.2,75.8,31.053464529002962,9.46388626846414,0,0,3.6686767467964168,2.247483109324095,-0.8348846786981521,3.435710381188922,8.318998737879683,0.0,0.0,0.0
Kaag en Braassem,3781.031007751938,28573.0,453.0,6313.0,39.9,0.43320617366044867,2.8,76.5,19.591210211665857,26.156722932668846,0,0,3.686376323895818,3.2641062485841177,-0.836541512663109,2.9750810070603677,8.237752004796723,0.0,0.0,0.0
Kampen,2781.3228346456694,55614.0,394.0,14123.0,33.9,0.4196784982198727,3.0,76.4,23.748928877463584,72.84440683332225,144,1,3.5234150143864045,4.288325753212242,-0.8682663412633407,3.1675374295673495,7.930681933309426,3.1675374295673495,394.0,4.288325753212242
Kapelle,2736.3795620437954,13051.0,351.0,3713.0,36.6,0.4237223201287258,2.4,76.3,9.52983725135624,60.24487002752045,80,1,3.600048240407321,4.098417423974298,-0.8586769436511471,2.2544276400130734,7.914390997937665,2.2544276400130734,351.0,4.098417423974298
Katwijk,4373.07476635514,66607.0,2685.0,2481.0,36.8,0.4120287657453421,2.8,77.0,41.16018073167177,15.727617574885386,0,0,3.6054978451748854,2.755418248185838,-0.8866621122996496,3.7174713019103334,8.383221648535262,0.0,0.0,0.0
Kerkrade,1895.2421875,45620.0,2082.0,2191.0,29.7,0.5297457255589654,3.8,63.9,36.268465262548105,25.380133770770964,244,1,3.391147045808654,3.2339667329883075,-0.6353581506553982,3.5909486381604454,7.547101912780443,3.5909486381604454,2082.0,3.2339667329883075
Koggenland,2698.135135135135,23509.0,293.0,8026.0,38.0,0.4169892381641074,2.7,75.7,15.9849025808426,30.853882448819533,68,1,3.6375861597263857,3.429262591665446,-0.8746948652762959,2.7716446880823864,7.900316122665026,2.7716446880823864,293.0,3.429262591665446
Krimpen aan den IJssel,3730.684210526316,29504.0,3845.0,767.0,36.2,0.4261117136659436,3.2,73.6,29.7804645243398,8.412069221974141,0,0,3.5890591188317256,2.129667486762152,-0.8530537284388622,3.393852625668116,8.224346930273274,0.0,0.0,0.0
Krimpenerwaard,3259.1937984496126,57700.0,389.0,14832.0,37.3,0.4237435008665511,2.9,75.1,19.96728016359918,18.115493206451312,0,0,3.6189933266497696,2.896767550388294,-0.858626957593173,2.9940949420379783,8.08923514268772,0.0,0.0,0.0
Laarbeek,2765.2738853503183,23260.0,420.0,5535.0,36.4,0.42596732588134134,2.7,74.3,12.212353653613242,15.829177196494205,0,0,3.5945687746426946,2.7618548950622097,-0.8533926354634053,2.5024480339696282,7.9248949634271195,0.0,0.0,0.0
Land van Cuijk,2618.9668874172185,91423.0,268.0,34126.0,36.1,0.43608282379707514,2.8,74.2,16.913313935988764,37.70260997955193,272,1,3.586292865338835,3.629729322284505,-0.8299230908364296,2.8281011186353266,7.870535201211756,2.8281011186353266,268.0,3.629729322284505
Landgraaf,2039.7293233082708,37175.0,1512.0,2458.0,32.2,0.48793544048419635,3.5,66.2,23.54595071393131,24.684725621727313,107,1,3.4719664525503626,3.2061846564668492,-0.7175721759703864,3.1589538614715886,7.620572393382067,3.1589538614715886,1512.0,3.2061846564668492
Landsmeer,5117.459677419355,11705.0,522.0,2244.0,41.8,0.41990602306706537,3.1,73.2,14.933875890132247,9.330804439122392,0,0,3.7328963395307104,2.2333212318415394,-0.8677243473437442,2.70363218202134,8.54041343815303,0.0,0.0,0.0
Lansingerland,4045.2846153846153,64754.0,1216.0,5327.0,43.4,0.38399172251907215,2.9,77.8,17.87251156243716,9.164852121403976,0,0,3.770459441106359,2.2153757460173575,-0.9571342825666591,2.883263865598773,8.305307189287893,0.0,0.0,0.0
Laren,6690.656050955414,11712.0,944.0,1241.0,62.9,0.46738387978142076,3.1,70.0,19.473876507124587,18.489268366046154,0,0,4.141546163706395,2.917190475446124,-0.7606043466004684,2.9690739011132568,8.808467212732124,0.0,0.0,0.0
Leeuwarden,2585.3596491228072,127073.0,535.0,23755.0,30.3,0.5090302424590589,4.5,71.8,36.65976130109455,51.5456328580242,547,1,3.4111477125153233,3.942467490250146,-0.6752478487564474,3.6016797312363664,7.857619906519424,3.6016797312363664,535.0,3.942467490250146
Leiden,4833.159574468085,127089.0,5816.0,2185.0,32.2,0.49255246323442625,4.1,74.3,59.36291894309722,15.691292132021692,670,1,3.4719664525503626,2.7531059172113905,-0.708154299709447,4.083669771219842,8.483255688984285,4.083669771219842,5816.0,2.7531059172113905
Leiderdorp,4108.696428571428,27657.0,2406.0,1150.0,38.4,0.45919658675922914,3.1,74.6,42.38582677165355,19.011545225523534,0,0,3.648057459593681,2.94504643807452,-0.7782768670200213,3.746814032102366,8.32086108651714,0.0,0.0,0.0
Leidschendam-Voorburg,4297.5192307692305,77753.0,2384.0,3261.0,39.0,0.4847401386441681,3.5,72.2,61.49376492438312,8.609122161053154,491,1,3.6635616461296463,2.152822357498844,-0.7241423282449125,4.1189357863294696,8.365793212120575,4.1189357863294696,2384.0,2.152822357498844
Lelystad,2954.095238095238,83033.0,363.0,22900.0,33.2,0.4222176724916599,3.8,71.4,19.305151463289405,40.40939925778187,173,1,3.502549875922443,3.699062412802742,-0.8622342863395849,2.9603719754916584,7.99094770295592,2.9603719754916584,363.0,3.699062412802742
Leudal,2176.873493975904,36141.0,222.0,16251.0,36.4,0.4513433496582828,2.9,71.7,12.205738106915154,35.70986550021064,0,0,3.5945687746426946,3.5754269951531885,-0.7955269216806714,2.5019061777979967,7.685644949291558,0.0,0.0,0.0
Leusden,3630.453125,31467.0,538.0,5851.0,40.7,0.4333746464550164,2.9,74.7,20.378382342157366,20.34704811864935,0,0,3.706228092448549,3.0129358457723976,-0.8361526907718797,3.0144746498727613,8.197112747292245,0.0,0.0,0.0
Lingewaard,3109.8333333333335,47220.0,762.0,6196.0,36.4,0.43032613299449385,2.7,75.3,17.52952755905512,60.06150959356492,0,0,3.5945687746426946,4.095369196997302,-0.8432119089470858,2.8638867481452803,8.042324413169194,0.0,0.0,0.0
Lisse,3797.85593220339,23390.0,1490.0,1570.0,37.5,0.44848225737494657,2.9,75.4,31.544327931363203,26.40923803018292,0,0,3.624340932976365,3.273713874328378,-0.8018861581878818,3.4513937925193603,8.242191958110222,0.0,0.0,0.0
Lochem,3087.814814814815,34314.0,161.0,21305.0,39.7,0.45013697033280875,2.9,71.8,16.547973585394278,84.30907647516604,60,1,3.681351187693145,4.434489527956502,-0.798203364014162,2.8062636523563076,8.035218940050717,2.8062636523563076,161.0,4.434489527956502
Loon op Zand,3139.287878787879,23797.0,477.0,4992.0,36.4,0.44190444173635335,2.7,74.8,17.506656523392923,37.567502801266365,0,0,3.5945687746426946,3.626139389483959,-0.8166616154446042,2.8625811813713975,8.051751262986572,0.0,0.0,0.0
Lopik,3266.0652173913045,14704.0,195.0,7556.0,39.4,0.3998231773667029,2.7,76.9,15.002551454328966,16.838153867676933,0,0,3.673765816303888,2.823647374994455,-0.9167328861932134,2.7082202835926275,8.091341241913803,0.0,0.0,0.0
Losser,2238.8246753246754,23362.0,237.0,9874.0,34.6,0.43091344919099395,2.9,72.1,15.853779676169664,106.0220738305758,0,0,3.543853682063679,4.6636473161170375,-0.8418480229862181,2.7634079372684224,7.713706308630879,0.0,0.0,0.0
Maasdriel,3115.5486111111113,26020.0,395.0,6588.0,37.3,0.3988086087624904,2.8,75.4,8.807940637949311,37.03676915824194,0,0,3.6189933266497696,3.611911180224184,-0.9192736544612178,2.1756536598369633,8.044160534851192,0.0,0.0,0.0
Maasgouw,2110.865030674847,24305.0,532.0,4570.0,36.4,0.4633614482616746,2.9,69.7,13.532232285562069,37.06597648963185,0,0,3.5945687746426946,3.6126994730909874,-0.769247863664992,2.6050744164201194,7.654853109601021,0.0,0.0,0.0
Maashorst,2793.7379310344827,58934.0,429.0,13733.0,36.4,0.4413750975667696,3.0,74.4,23.031677687221283,32.19442196176123,0,0,3.5945687746426946,3.4717932065429356,-0.8178602036817398,3.1368705590829737,7.935135738364891,0.0,0.0,0.0
Maassluis,3473.862385321101,35303.0,4180.0,844.0,34.7,0.4547772144010424,3.6,71.9,48.44596698847711,15.548493353187736,0,0,3.546739686952814,2.743963743460816,-0.7879476186223763,3.88044909418017,8.153022333270648,0.0,0.0,0.0
Maastricht,3344.1696428571427,122734.0,2200.0,5579.0,29.5,0.5245653201231932,4.4,66.1,50.304432916032425,0.6164037956527111,555,1,3.3843902633457743,-0.48385301777980916,-0.6451853210101974,3.9180932027659017,8.114973703437323,3.9180932027659017,2200.0,-0.48385301777980916
Medemblik,2822.9861111111113,46031.0,380.0,12123.0,35.8,0.42262822880232886,3.0,73.5,13.745245193790481,41.41364435812154,0,0,3.5779478934066544,3.7236104004014012,-0.8612623781078993,2.620692960220594,7.945550508337423,0.0,0.0,0.0
Meerssen,2347.0509554140126,18600.0,696.0,2673.0,37.3,0.4668817204301075,2.9,70.9,17.549516351911564,7.323061707139514,160,1,3.6189933266497696,1.9910285065270454,-0.7616793287031102,2.865026391236501,7.760914906486251,2.865026391236501,696.0,1.9910285065270454
Meierijstad,2923.6711409395975,83715.0,455.0,18400.0,37.3,0.42713970017320674,2.8,75.2,18.043514737960738,19.055242451196378,0,0,3.6189933266497696,2.947342258002231,-0.8506441525788782,2.8927863259214255,7.9805953456456615,0.0,0.0,0.0
Meppel,3156.535087719298,35464.0,639.0,5550.0,33.8,0.4621588089330025,3.2,74.5,26.55887736424649,61.370723533515,202,1,3.520460802488973,4.116932906025413,-0.7718467046870141,3.2793640558025134,8.057230213766585,3.2793640558025134,639.0,4.116932906025413
Middelburg,3003.008695652174,49956.0,1033.0,4838.0,33.7,0.4895908399391464,3.0,73.0,31.167716084716655,73.96071873492178,184,1,3.517497837358316,4.303534124358696,-0.7141852572336606,3.43938281822705,8.007369963634208,3.43938281822705,1033.0,4.303534124358696
Midden-Delfland,3749.3283582089553,19472.0,413.0,4719.0,42.1,0.4138249794576828,2.6,77.0,23.25639116406056,11.766017664786911,0,0,3.7400477406883357,2.465215517782877,-0.8823121494760159,3.1465799830351666,8.229331998445723,0.0,0.0,0.0
Midden-Drenthe,2339.5320512820513,33987.0,100.0,34062.0,35.2,0.43263600788536793,2.8,72.4,11.853917301414581,39.24319319445696,72,1,3.5610460826040513,3.6697780073918436,-0.83785853294613,2.472658386912644,7.7577062102688705,2.472658386912644,100.0,3.6697780073918436
Midden-Groningen,2132.715277777778,61554.0,221.0,27795.0,31.7,0.4644214835753972,3.6,70.1,20.995557421205444,16.32544444110127,503,1,3.456316680883235,2.792724899361669,-0.7669627692994699,3.044310863972106,7.665151225162911,3.044310863972106,221.0,2.792724899361669
Moerdijk,2821.2406015037595,37711.0,237.0,15917.0,36.3,0.44504256052610647,2.9,74.2,13.757969373771079,29.84732100701779,206,1,3.591817741270805,3.396095087302356,-0.8095853597575662,2.621618247034408,7.944931996802762,2.621618247034408,237.0,3.396095087302356
Molenlanden,2934.0072463768115,45158.0,249.0,18157.0,39.6,0.3953230878249701,2.6,77.1,12.24512659645978,25.689880614596568,62,1,3.6788291182604347,3.2460971639563256,-0.9280519045541126,2.505128028975415,7.984124428494291,2.505128028975415,249.0,3.2460971639563256
Montferland,2450.404109589041,36882.0,349.0,10570.0,34.5,0.4399436039260344,2.9,72.1,17.977320350055468,75.52026369644473,107,1,3.5409593240373143,4.324401013574326,-0.8211087331800541,2.8891109829008026,7.804008232626628,2.8891109829008026,349.0,4.324401013574326
Montfoort,3625.030303030303,13929.0,371.0,3758.0,39.8,0.41632565151841483,2.7,77.6,15.537161579582687,13.137722592695617,0,0,3.6838669122903918,2.575487679366526,-0.8762875088115908,2.7432346757199886,8.19561792671047,0.0,0.0,0.0
Mook en Middelaar,2923.275641025641,8043.0,463.0,1739.0,42.1,0.45741638692030334,2.8,71.4,14.297363413971187,47.07049868493396,90,1,3.7400477406883357,3.851646449895573,-0.7821611717992947,2.6600751436210266,7.980460061392424,2.6600751436210266,463.0,3.851646449895573
Neder-Betuwe,2852.152777777778,25448.0,424.0,5999.0,35.3,0.3583385727758566,2.8,76.4,8.729027305625618,37.26235468960243,159,1,3.5638829639392506,3.6179835593549203,-1.0262770054953148,2.166653943898809,7.9558293487452225,2.166653943898809,424.0,3.6179835593549203
Nederweert,2236.925714285714,17499.0,175.0,9990.0,36.0,0.43751071489799415,2.8,73.5,12.343260188087775,25.883815805436857,0,0,3.58351893845611,3.2536179010144246,-0.8266540822889572,2.5131101803490443,7.712857753198782,0.0,0.0,0.0
Nieuwegein,3708.6923076923076,65426.0,2794.0,2342.0,34.9,0.4655030110353682,3.5,73.0,41.348174415550304,6.923263859142889,0,0,3.5524868292083815,1.9348873143803793,-0.7646367138963152,3.7220282709316046,8.218434615755642,0.0,0.0,0.0
Nieuwkoop,3373.7841726618703,29463.0,375.0,7846.0,40.1,0.4013169059498354,2.7,76.3,13.185047361299052,23.362936324363194,0,0,3.6913763343125234,3.1511508488775095,-0.9130038746379009,2.5790834118578845,8.123790293265538,0.0,0.0,0.0
Nijkerk,3679.769230769231,44975.0,649.0,6932.0,38.5,0.4018232351306281,2.7,76.5,16.99867197875166,28.25028837468475,72,1,3.6506582412937387,3.3411036654937916,-0.9117430006708946,2.8331352221078148,8.210605320166582,2.8331352221078148,649.0,3.3411036654937916
Nijmegen,3538.75,182480.0,3456.0,5281.0,30.3,0.46387549320473476,4.0,72.4,45.89594556280125,53.02194110833715,819,1,3.4111477125153233,3.970705811060902,-0.768139096374272,3.8263767811998872,8.17152883642611,3.8263767811998872,3456.0,3.970705811060902
Nissewaard,3193.504761904762,86833.0,1184.0,7331.0,34.5,0.4610459157232849,3.6,71.0,32.18264475196083,16.672649197174273,0,0,3.5409593240373143,2.813769604182697,-0.7742576406778365,3.4714273243885296,8.068874264124615,0.0,0.0,0.0
Noardeast-Frysl√¢n,1755.3522012578617,45812.0,121.0,37922.0,31.7,0.4576311883349341,3.3,72.5,11.3093250655855,38.467072015058854,0,0,3.456316680883235,3.649802603003545,-0.7816916849127438,2.425627612448634,7.470424800242944,0.0,0.0,0.0
Noord-Beveland,2476.4094488188975,7857.0,91.0,8600.0,37.0,0.6027745959017436,2.7,69.7,9.881756756756758,62.22222062161065,0,0,3.6109179126442243,4.130712180668861,-0.50621195661198,2.2906903053418968,7.814564987184114,0.0,0.0,0.0
Noordenveld,2688.374149659864,31591.0,159.0,19901.0,36.0,0.47247633819758794,2.9,71.7,14.344097547902987,16.088733058381163,0,0,3.58351893845611,2.778119216970635,-0.7497676111909817,2.663338536886441,7.896691884538447,0.0,0.0,0.0
Noordoostpolder,2055.7888198757764,49729.0,109.0,45809.0,34.3,0.4173621025960707,3.2,75.2,13.476270778125754,69.88376707216209,0,0,3.5351453541718945,4.246833391542739,-0.8738010824330984,2.600930418702912,7.628414907231402,0.0,0.0,0.0
Noordwijk,4650.25,45179.0,774.0,5834.0,40.1,0.4594391199451072,2.9,75.1,34.7304523775112,25.553846872551084,0,0,3.6913763343125234,3.240787867842775,-0.7777488379226475,3.5476168922257494,8.44467626057706,0.0,0.0,0.0
"Nuenen, Gerwen en Nederwetten",3361.8940397350993,24015.0,714.0,3365.0,41.3,0.4443889235894233,2.8,74.0,13.783733133433284,8.796026940638091,0,0,3.7208624999669873,2.174300135516166,-0.8110551459435198,2.623489138434124,8.120259796438901,0.0,0.0,0.0
Nunspeet,3482.223880597015,28731.0,223.0,12873.0,36.0,0.3988026869931433,2.7,75.0,17.81288182928958,53.06974515605548,75,1,3.58351893845611,3.9716069947942714,-0.9192885032212058,2.879921893829413,8.155426414814048,2.879921893829413,223.0,3.9716069947942714
Oegstgeest,4301.457364341085,25746.0,3530.0,729.0,47.1,0.4327274139672182,3.1,75.4,34.82631720671394,17.468628875579885,0,0,3.852273001022372,2.860406636554154,-0.8376472781602632,3.550373342546094,8.366709166200373,0.0,0.0,0.0
Oirschot,2801.314465408805,19217.0,189.0,10179.0,39.6,0.4298277566737784,2.6,75.1,16.46489104116223,14.286342052252412,0,0,3.6788291182604347,2.6593039796249527,-0.8443707164174034,2.801230298203165,7.937844037936928,0.0,0.0,0.0
Oisterwijk,3656.4333333333334,32941.0,411.0,8011.0,41.6,0.43523268874654686,2.7,74.4,19.292739066750368,23.627736071552523,62,1,3.7281001672672174,3.1624212792265385,-0.8318744742516413,2.959728810966527,8.204243452173218,2.959728810966527,411.0,3.1624212792265385
Oldambt,1818.9109589041095,39044.0,172.0,22657.0,30.7,0.48593894068230714,3.6,68.1,18.58430401096295,32.685131923274625,193,1,3.4242626545931514,3.4869202932589225,-0.7216722994307221,2.9223173540817733,7.505993226745022,2.9223173540817733,172.0,3.4869202932589225
Oldebroek,2892.3571428571427,24264.0,248.0,9766.0,34.9,0.3954418067919552,2.6,75.3,15.101615424700366,68.80970183488174,72,1,3.5524868292083815,4.231344750039497,-0.9277516409266168,2.7148017198669736,7.96982706903473,2.7148017198669736,248.0,4.231344750039497
Oldenzaal,2710.376923076923,31925.0,1481.0,2155.0,34.6,0.4644009397024276,3.0,73.9,23.330635370295425,103.89246414586624,97,1,3.543853682063679,4.643356365598596,-0.767007005684075,3.149767319708595,7.904842990208429,3.149767319708595,1481.0,4.643356365598596
Olst-Wijhe,2704.6206896551726,18682.0,164.0,11366.0,36.2,0.42714912750240874,2.8,74.6,14.949874686716791,76.63017737360134,151,1,3.5890591188317256,4.338990959655366,-0.8506220819889395,2.704702917642153,7.902716955812252,2.704702917642153,164.0,4.338990959655366
Ommen,2764.4333333333334,18955.0,105.0,17985.0,35.9,0.4091268794513321,2.9,74.3,18.052869116698904,78.76326074440088,82,1,3.580737295494233,4.36644665393476,-0.893729952339796,2.893304625980802,7.924590950216214,2.893304625980802,105.0,4.36644665393476
Oost Gelre,2209.434210526316,29846.0,271.0,10993.0,36.1,0.44002546404878373,2.6,75.3,16.508033198812154,99.99973999676662,62,1,3.586292865338835,4.605167585952377,-0.8209226809062534,2.8038471229624684,7.700491748398281,2.8038471229624684,271.0,4.605167585952377
Oosterhout,3022.031496062992,57425.0,804.0,7143.0,36.1,0.4515280801044841,3.2,72.8,25.828223224960468,41.50143167165847,0,0,3.586292865338835,3.7257279247538584,-0.7951177151365513,3.2514678174773937,8.013684565036147,0.0,0.0,0.0
Ooststellingwerf,2746.201612903226,25837.0,116.0,22330.0,32.9,0.44385958122072994,3.2,71.0,10.04534356470178,32.43451207946689,0,0,3.493472657771326,3.47922304352634,-0.8122470250820515,2.3071092002406677,7.917974004209315,0.0,0.0,0.0
Oostzaan,4496.8421052631575,9720.0,841.0,1156.0,38.8,0.42633744855967076,2.9,74.8,17.422779922779924,9.611928170641482,0,0,3.6584202466292277,2.2630048449625595,-0.8525241135151658,2.8577785409415988,8.41113067502758,0.0,0.0,0.0
Opmeer,2859.992957746479,12180.0,294.0,4148.0,37.2,0.41288998357963874,2.7,75.1,15.370849075362894,38.72883840188988,0,0,3.6163087612791007,3.6565845008716154,-0.8845741050919232,2.7324727984035486,7.958574441484461,0.0,0.0,0.0
Opsterland,2201.395061728395,30054.0,134.0,22440.0,34.7,0.44313568909296597,3.0,73.3,13.951043700255294,35.66035970627691,0,0,3.546739686952814,3.5740396994922774,-0.8138792599151042,2.6355543226913074,7.696846557345381,0.0,0.0,0.0
Oss,2899.7925925925924,94437.0,583.0,16201.0,35.0,0.4424007539417813,3.2,73.3,22.858373824170037,40.11381518375149,279,1,3.5553480614894135,3.691720793277764,-0.8155391245670978,3.1293175195358347,7.972394493621246,3.1293175195358347,583.0,3.691720793277764
Oude IJsselstreek,2251.9668874172185,39613.0,291.0,13607.0,33.5,0.44558604498523213,3.0,72.0,15.596850036825108,84.5843661444703,138,1,3.5115454388310208,4.437749452188357,-0.8083649082175581,2.7470689731504194,7.71955928551792,2.7470689731504194,291.0,4.437749452188357
Ouder-Amstel,5167.795081967213,14276.0,596.0,2395.0,43.3,0.44774446623704117,3.5,74.1,41.23904881101377,8.828575166880649,293,1,3.768152635008444,2.1779936388413255,-0.8035325971639403,3.7193855941643785,8.55020139335417,3.7193855941643785,596.0,2.1779936388413255
Oudewater,3306.5073529411766,10232.0,263.0,3890.0,40.1,0.42933932759968724,2.7,75.7,19.462781698156157,19.037335754109193,0,0,3.6913763343125234,2.94640209069144,-0.845507699282899,2.968504010949072,8.103647730896057,0.0,0.0,0.0
Overbetuwe,3164.007299270073,48707.0,447.0,10903.0,37.1,0.4185845976964297,2.6,76.1,13.336276240926034,48.665527100888575,205,1,3.6136169696133895,3.8849709170309077,-0.8708762644478765,2.5904878591606297,8.059594635860256,2.5904878591606297,447.0,3.8849709170309077
Papendrecht,3244.0714285714284,32277.0,3428.0,941.0,35.9,0.4526133159835177,3.2,73.9,33.6025737559039,18.518623622242924,0,0,3.580737295494233,2.918776908002874,-0.7927171251295049,3.51460266391363,8.08458443366473,0.0,0.0,0.0
Peel en Maas,2308.285714285714,45276.0,284.0,15935.0,35.4,0.4179035250463822,2.8,75.4,14.195867026055705,38.1570974637331,0,0,3.5667118201397288,3.6417117814160593,-0.8725046744205499,2.6529508677395133,7.744260412984341,0.0,0.0,0.0
Pekela,1467.7278911564626,12404.0,253.0,4904.0,29.5,0.4665430506288294,3.4,69.8,11.90599619837567,31.801739349707475,0,0,3.3843902633457743,3.4595209848220123,-0.7624049786465008,2.4770421554279114,7.291470831745486,0.0,0.0,0.0
Pijnacker-Nootdorp,4042.1908396946565,57672.0,1564.0,3687.0,41.9,0.389287695935636,3.0,78.5,23.85194423410984,10.175520243583476,0,0,3.735285826928092,2.3199848596120995,-0.9434366304761992,3.1718657332617255,8.30454211102384,0.0,0.0,0.0
Purmerend,3807.590909090909,93992.0,1004.0,9361.0,35.4,0.45604945101710787,3.4,73.6,33.35121894319375,19.600957423799645,196,1,3.5667118201397288,2.9755784131964824,-0.7851540301345521,3.507094321714499,8.24475196080494,3.507094321714499,1004.0,2.9755784131964824
Putten,3862.823529411765,24904.0,292.0,8521.0,37.7,0.41033568904593637,2.6,75.1,15.891965945787259,35.919104389703115,72,1,3.629660094453965,3.581269309651638,-0.890779700509235,2.765813695097506,8.259153679358192,2.765813695097506,292.0,3.581269309651638
Raalte,2829.3489932885905,38500.0,225.0,17097.0,35.5,0.42597402597402595,2.7,75.6,14.20731707317073,85.43716183017457,149,1,3.56953269648137,4.447781156380354,-0.8533769064635858,2.6537571187355478,7.947801926467339,2.6537571187355478,225.0,4.447781156380354
Reimerswaal,2439.5984251968503,23255.0,229.0,10176.0,34.7,0.40215007525263385,2.8,76.3,13.72968349016253,58.99891004012546,240,1,3.546739686952814,4.077518969838897,-0.910929938506293,2.6195601670860933,7.799588724905144,2.6195601670860933,229.0,4.077518969838897
Renkum,3497.1615384615384,31461.0,685.0,4596.0,38.9,0.4800228854772576,3.1,70.9,29.90994570255595,46.69117191744132,120,1,3.660994250624401,3.843555108634463,-0.7339214981391439,3.3981910572793246,8.159706929437023,3.3981910572793246,685.0,3.843555108634463
Renswoude,2794.22,5747.0,313.0,1839.0,59.4,0.38141639116060555,2.6,79.3,13.594890510948904,28.38688245459139,0,0,4.084294226368599,3.3459271530635295,-0.9638636104398354,2.6096940244255897,7.935308276874545,0.0,0.0,0.0
Reusel-De Mierden,2656.4573170731705,13542.0,174.0,7781.0,37.2,0.4240141781125388,2.7,74.0,12.24312086381052,22.378193668036182,0,0,3.6163087612791007,3.1080869877424044,-0.8579883853645814,2.504964217117747,7.884748678407567,0.0,0.0,0.0
Rheden,3281.875,43570.0,533.0,8177.0,34.6,0.4894881799403259,3.3,70.6,26.15463965864866,63.89212539638952,272,1,3.543853682063679,4.15719612055631,-0.7143949645138951,3.264026599577933,8.096170184392124,3.264026599577933,533.0,4.15719612055631
Rhenen,3792.730769230769,20329.0,484.0,4202.0,37.8,0.4116287077573909,3.1,74.6,21.044455066921604,32.52672366924759,73,1,3.632309102625542,3.4820620182056743,-0.88763353071636,3.0466371081795933,8.240841558212809,3.0466371081795933,484.0,3.4820620182056743
Ridderkerk,3262.451923076923,47477.0,2022.0,2348.0,34.9,0.4547254460054342,3.4,72.8,43.915883088609945,10.164743756874676,0,0,3.5524868292083815,2.318925238388218,-0.7880614575321844,3.782276056209591,8.090234315300737,0.0,0.0,0.0
Rijssen-Holten,2853.124087591241,38493.0,409.0,9412.0,37.6,0.38968124074507055,2.7,77.7,20.979999999999997,92.30039683656341,137,1,3.6270040503958487,4.525048440920619,-0.9424262054787809,3.043569602968151,7.956169843990508,3.043569602968151,409.0,4.525048440920619
Rijswijk,3777.392156862745,57997.0,4150.0,1398.0,35.4,0.4851457834025898,3.8,71.1,70.08920638305433,4.245510980140289,133,1,3.5667118201397288,1.4458621847547939,-0.7233058488758377,4.249768807621113,8.23678914492739,4.249768807621113,4150.0,1.4458621847547939
Roerdalen,2077.3584905660377,20702.0,235.0,8821.0,34.9,0.46995459375905707,3.0,68.8,9.723507040805838,40.844091845504515,0,0,3.5524868292083815,3.709762180381012,-0.7551191979682679,2.274546360064542,7.638852409158649,0.0,0.0,0.0
Roermond,2690.1328125,59981.0,989.0,6064.0,32.8,0.4862206365349027,3.8,68.9,33.47277465368263,45.057149057831424,345,1,3.490428515390098,3.807931663091941,-0.7210927734617738,3.5107324115088634,7.897345844053675,3.5107324115088634,989.0,3.807931663091941
De Ronde Venen,3809.0522388059703,45572.0,457.0,9968.0,43.5,0.4141139296058984,2.9,74.8,20.575455701568462,15.81893265970389,99,1,3.7727609380946383,2.761207492282411,-0.8816141507304954,3.024098894632248,8.245135680956881,3.024098894632248,457.0,2.761207492282411
Roosendaal,2807.27868852459,77613.0,729.0,10650.0,33.8,0.4626029144602064,3.6,70.6,25.376002673796794,45.90850886825227,291,1,3.520460802488973,3.826650478279344,-0.7708862290312625,3.2338039508195817,7.939970854841018,3.2338039508195817,729.0,3.826650478279344
Rotterdam,4262.8,663900.0,3040.0,21842.0,31.8,0.48393131495707187,5.3,69.4,74.62291693901308,11.814350387144687,1475,1,3.4594662897861315,2.469314927082842,-0.7258122935815782,4.312447657608104,8.357681500346802,4.312447657608104,3040.0,2.469314927082842
Rozendaal,3813.103092783505,1754.0,63.0,2790.0,81.4,0.40250855188141393,2.4,76.8,1.9830028328611897,58.10335294470738,0,0,4.399375273008495,4.062223372084407,-0.9100389354388861,0.6846122781101078,8.246198596676305,0.0,0.0,0.0
Rucphen,2838.46357615894,23636.0,367.0,6438.0,34.7,0.43230665087155185,2.8,70.1,8.641612840086124,44.95295185823362,0,0,3.546739686952814,3.8056164285775598,-0.838620102574822,2.156589236701308,7.951018190454797,0.0,0.0,0.0
Schagen,2544.0,47450.0,282.0,16799.0,36.6,0.4461327713382508,2.9,73.1,17.02017100477113,47.533352076873726,87,1,3.600048240407321,3.8614316136361397,-0.8071386776804937,2.8343991703786044,7.841492924460013,2.8343991703786044,282.0,3.8614316136361397
Scherpenzeel,4643.03125,10386.0,753.0,1379.0,37.4,0.4090121317157712,2.7,77.6,15.630885122410545,26.01057141501953,0,0,3.6216707044204863,3.2585030482703603,-0.8940104614824895,2.7492487725427504,8.443122718559408,0.0,0.0,0.0
Schiedam,3250.09375,80628.0,4528.0,1781.0,32.7,0.47240412759835293,4.1,72.0,67.93037359867678,6.39514162123994,293,1,3.487375077903208,1.8555385804056015,-0.749920457190004,4.2184832629477915,8.086439121061586,4.2184832629477915,4528.0,1.8555385804056015
Schiermonnikoog,3243.96694214876,982.0,23.0,4293.0,42.4,0.6232179226069247,2.9,71.9,26.96078431372549,37.68582433433771,0,0,3.7471483622379123,3.62928401139181,-0.4728590258421398,3.2943833773763456,8.084552224723689,0.0,0.0,0.0
Schouwen-Duiveland,3158.6814814814816,34561.0,151.0,22860.0,37.0,0.48864326842394606,2.4,72.2,10.474893415442917,47.631823717214075,0,0,3.6109179126442243,3.863501103334721,-0.7161225681564062,2.34898129061972,8.057909966811097,0.0,0.0,0.0
Simpelveld,2039.42,10396.0,649.0,1603.0,33.5,0.5016352443247403,2.9,70.0,24.199424736337487,20.973500893399542,0,0,3.5115454388310208,3.0432597786858366,-0.689882028326508,3.1863288616543772,7.620420732687963,0.0,0.0,0.0
Sint-Michielsgestel,3175.20625,30135.0,516.0,5835.0,40.3,0.4170565787290526,2.6,75.3,13.812858052196052,26.723764027420565,0,0,3.696351468952637,3.28555320803699,-0.8745333859816874,2.62559990127293,8.063127869846863,0.0,0.0,0.0
Sittard-Geleen,2355.196850393701,92234.0,1173.0,7861.0,32.7,0.5096927380358653,3.5,67.3,32.0733445363851,19.607438743904815,388,1,3.487375077903208,2.9759090219842776,-0.673947209263898,3.468025296898037,7.764379591234793,3.468025296898037,1173.0,2.9759090219842776
Sliedrecht,3316.5904761904762,26184.0,2038.0,1285.0,33.9,0.42823861900397187,3.1,75.0,38.464282529207175,22.83938977504246,224,1,3.5234150143864045,3.1284866670509666,-0.8480747177201358,3.649730084175054,8.106692569217797,3.649730084175054,2038.0,3.1284866670509666
Sluis,2506.6496350364964,23243.0,83.0,27860.0,34.3,0.5974702060835521,3.0,68.1,14.949233095701015,93.79617536337645,0,0,3.5351453541718945,4.541124080803232,-0.5150508607150469,2.7046600005744903,7.826702333719381,0.0,0.0,0.0
Smallingerland,2379.312977099237,56098.0,479.0,11717.0,32.2,0.4677706870120147,3.8,71.8,21.797949773255592,37.07820932657251,0,0,3.4719664525503626,3.613029447367918,-0.7597770881634386,3.08181591827397,7.774567059909381,0.0,0.0,0.0
Soest,4099.495867768595,47439.0,1026.0,4625.0,39.5,0.4469318493222876,3.2,72.9,35.27497405905103,13.89385108831,177,1,3.676300671907076,2.631446374515687,-0.8053491583583832,3.563173762346716,8.318619286051481,3.563173762346716,1026.0,2.631446374515687
Someren,2504.432926829268,20061.0,250.0,8010.0,37.1,0.42281042819400827,2.8,75.6,14.135817024286727,16.641205836962154,0,0,3.6136169696133895,2.811881898931108,-0.8608313606875523,2.6487117909810696,7.825817611376673,0.0,0.0,0.0
Son en Breugel,3455.2565789473683,18010.0,694.0,2595.0,42.0,0.42376457523598,2.8,76.9,13.325471698113208,10.486114530587969,0,0,3.7376696182833684,2.3500519563287225,-0.8585772250418794,2.589677368908529,8.14765199652613,0.0,0.0,0.0
Stadskanaal,2173.1967213114754,32135.0,273.0,11763.0,30.5,0.47228878170219385,3.4,69.2,21.46669302233643,38.14826022804764,0,0,3.417726683613366,3.6414801532318193,-0.7501646548453408,3.066502572190036,7.683954505984658,0.0,0.0,0.0
Staphorst,1634.4366197183099,17628.0,132.0,13394.0,37.0,0.3459836623553438,2.7,78.6,16.215773077553695,69.4715920347327,0,0,3.6109179126442243,4.240917921308946,-1.0613637236654214,2.785984415314347,7.39905344885588,0.0,0.0,0.0
Stede Broec,2889.128,22138.0,1529.0,1448.0,34.6,0.42632577468606014,3.0,74.1,10.923924560288196,43.069916020516196,163,1,3.543853682063679,3.7628247492270206,-0.8525514956592365,2.3909552977187185,7.968710005472985,2.3909552977187185,1529.0,3.7628247492270206
Steenbergen,2523.274074074074,24610.0,168.0,14650.0,34.4,0.4339292970337261,2.9,73.6,14.008802322314823,37.830144619053385,0,0,3.5380565643793527,3.6331062615044925,-0.8348736682135564,2.6396858693509686,7.833312572972722,0.0,0.0,0.0
Steenwijkerland,2416.860927152318,45376.0,157.0,28831.0,34.4,0.4510974964739069,3.1,73.4,15.252332795935317,62.8585445882284,125,1,3.5380565643793527,4.140886877875617,-0.7960717844082661,2.7247324615799355,7.7902248395992535,2.7247324615799355,157.0,4.140886877875617
Stein,2162.8802816901407,24772.0,1184.0,2092.0,34.2,0.4772727272727273,3.0,69.1,17.711240801826946,13.872563664450837,70,1,3.5322256440685598,2.629913052463171,-0.7396671961948381,2.87419951155546,7.679196076150432,2.87419951155546,1184.0,2.629913052463171
Stichtse Vecht,3827.5702479338843,65771.0,685.0,9604.0,41.0,0.4394185887397181,3.0,74.4,25.583889830801702,12.096967660239269,267,1,3.713572066704308,2.49295481460382,-0.8223028151023315,3.2419628499066584,8.24998548084059,3.2419628499066584,685.0,2.49295481460382
S√∫dwest-Frysl√¢n,2206.53642384106,90883.0,174.0,52270.0,33.6,0.4716503636543688,3.5,72.6,18.70990318441619,71.26208038113226,344,1,3.5145260669691587,4.266364353985791,-0.7515173228606656,2.9290529657357953,7.699179336092529,2.9290529657357953,174.0,4.266364353985791
Terneuzen,2217.0714285714284,54993.0,220.0,25013.0,33.9,0.49849980906660846,2.9,69.9,18.69482746042168,83.13789965429285,0,0,3.5234150143864045,4.420500670747298,-0.696152072596148,2.9282468792033733,7.703942427668088,0.0,0.0,0.0
Terschelling,3790.058394160584,4928.0,57.0,8721.0,34.5,0.47037337662337664,2.8,74.3,22.303710094909405,84.57391586480622,0,0,3.5409593240373143,4.437625895959797,-0.7542284813136586,3.1047530365968234,8.240136705388013,0.0,0.0,0.0
Texel,3480.728,13979.0,86.0,16226.0,35.2,0.4989627298089992,2.8,71.0,21.89247311827957,79.47981422625307,0,0,3.5610460826040513,4.375503080316177,-0.6952238757815622,3.0861428845171575,8.154996746292513,0.0,0.0,0.0
Teylingen,4022.344537815126,38510.0,1360.0,2832.0,41.3,0.4325370033757466,2.9,77.1,25.778951792039383,21.491971676162954,195,1,3.7208624999669873,3.0676794549875637,-0.8380873993318467,3.24955833694971,8.299620229969307,3.24955833694971,1360.0,3.0676794549875637
Tholen,2231.4296296296297,26825.0,183.0,14672.0,34.5,0.4198695246971109,2.8,74.5,10.556690047056733,45.51628400884161,0,0,3.5409593240373143,3.8180701522336573,-0.8678112714512026,2.3567597866311765,7.710397748564078,0.0,0.0,0.0
Tiel,3197.4347826086955,42604.0,1299.0,3280.0,33.0,0.4350295746878227,3.8,72.9,26.351570087406927,30.130993315419243,205,1,3.4965075614664802,3.405554320252929,-0.8323412624164197,3.27152785907205,8.070104136875543,3.27152785907205,1299.0,3.405554320252929
Tilburg,3346.765765765766,227707.0,1809.0,12589.0,31.4,0.46227827866512666,4.0,73.2,37.28720170238638,32.068954140765875,463,1,3.4468078929142076,3.467888401410453,-0.7715882344581753,3.6186501498728667,8.115749715423798,3.6186501498728667,1809.0,3.467888401410453
Tubbergen,2085.0102040816328,21408.0,146.0,14700.0,37.6,0.40970665171898357,2.6,75.4,24.478394709839243,90.99710156479175,0,0,3.6270040503958487,4.510827655073244,-0.8923138589765733,3.1977908799154906,7.642529028264875,0.0,0.0,0.0
Twenterand,2284.858108108108,33867.0,319.0,10614.0,33.1,0.4138541943484808,2.9,74.1,14.982876712328766,85.75193881737513,97,1,3.4995332823830174,4.451458695905607,-0.882241554753484,2.706907996523433,7.7340592042921505,2.706907996523433,319.0,4.451458695905607
Tynaarlo,3025.404109589041,34592.0,242.0,14288.0,39.1,0.42538737280296024,2.8,73.2,12.028542303771662,13.913956236567284,0,0,3.66612246699132,2.632892382216015,-0.8547550597713617,2.487282350888393,8.014799951489389,0.0,0.0,0.0
Tytsjerksteradiel,2171.1456953642382,32408.0,218.0,14863.0,33.8,0.4385028388052333,3.1,73.2,11.969601013299556,40.151409467567866,62,1,3.520460802488973,3.6926575448218797,-0.824388993290665,2.4823701867920915,7.683010277421205,2.4823701867920915,218.0,3.6926575448218797
Uitgeest,3499.4552845528456,13472.0,703.0,1916.0,38.9,0.4225059382422803,2.9,76.7,20.2389318341532,21.136880700260246,182,1,3.660994250624401,3.0510194151679393,-0.861551777272365,3.007608068034185,8.160362602380534,3.007608068034185,703.0,3.0510194151679393
Uithoorn,4209.589743589743,31442.0,1735.0,1812.0,38.1,0.4316519305387698,3.3,76.6,28.256704980842912,16.512634028066245,0,0,3.6402142821326553,2.804125786579545,-0.8401357318473384,3.341330773885327,8.345120473849608,0.0,0.0,0.0
Urk,2705.6484375,21829.0,1661.0,1314.0,34.9,0.3190251500297769,2.7,81.3,16.800689259046525,58.753378397494195,0,0,3.5524868292083815,4.073348656009139,-1.1424853390862828,2.8214199128918134,7.9030968806673885,0.0,0.0,0.0
Utrecht,4993.747368421053,367947.0,3924.0,9377.0,34.9,0.44952126257314234,4.0,77.3,58.11064087061669,3.1724436648173664,2258,1,3.5524868292083815,1.1545021631019703,-0.799572123468083,4.062348794603324,8.515941882539938,4.062348794603324,3924.0,1.1545021631019703
Utrechtse Heuvelrug,4280.318181818182,50429.0,382.0,13202.0,42.3,0.43865632869975607,3.1,73.4,25.030513991230052,19.297531543065066,256,1,3.7447870860522325,2.9599771884079704,-0.8240390228365546,3.220095640240036,8.36178262735895,3.220095640240036,382.0,2.9599771884079704
Vaals,2757.3739837398375,10190.0,427.0,2389.0,30.6,0.575269872423945,4.6,59.5,47.765267826680315,21.911466523385954,0,0,3.4210000089583352,3.087010085342109,-0.5529160049459328,3.866298760880549,7.922034050623691,0.0,0.0,0.0
Valkenburg aan de Geul,2601.034722222222,16423.0,447.0,3673.0,35.8,0.5095293186384948,3.0,69.2,35.93451242829828,9.355331067701929,177,1,3.5779478934066544,2.235946348485425,-0.6742678840328568,3.581698182671916,7.863664614925953,3.581698182671916,447.0,2.235946348485425
Valkenswaard,3397.1908396946565,31527.0,574.0,5491.0,35.8,0.47835188885717006,3.1,72.2,24.753000464160202,11.09407515433205,0,0,3.5779478934066544,2.406411195932438,-0.7374086481730212,3.2089467125419904,8.130704145474176,0.0,0.0,0.0
Veendam,2176.516129032258,27616.0,364.0,7593.0,31.3,0.4712123406720742,3.6,70.6,21.37862137862138,25.46398617108893,62,1,3.443618097546108,3.2372651469027094,-0.7524464571063971,3.062391421694722,7.685480771501195,3.062391421694722,364.0,3.2372651469027094
Veenendaal,3540.990990990991,68525.0,3528.0,1942.0,35.0,0.42711419190076616,3.3,74.8,39.61664616646166,30.59629128380962,146,1,3.5553480614894135,3.4208788017375342,-0.8507038731670659,3.679249387673803,8.172161907909569,3.679249387673803,3528.0,3.4208788017375342
Veere,3216.6,22045.0,166.0,13299.0,38.4,0.5019732365615786,2.4,71.7,12.533887583589372,76.63856371492871,0,0,3.648057459593681,4.339100392815398,-0.689208474333983,2.528435982844868,8.076080180061547,0.0,0.0,0.0
Veldhoven,3629.582089552239,46417.0,1465.0,3168.0,38.5,0.4394726070189801,3.0,74.4,21.33437913623217,5.581667530561458,0,0,3.6506582412937387,1.7194875723516725,-0.8221798914012165,3.0603198155009057,8.19687279378618,0.0,0.0,0.0
Velsen,4322.57281553398,68790.0,1528.0,4503.0,35.8,0.46261084459950574,3.3,73.6,39.76683530779625,20.670400647708398,232,1,3.5779478934066544,3.028702756558968,-0.7708690867455542,3.68303328119281,8.37160606311457,3.68303328119281,1528.0,3.028702756558968
Venlo,2465.9922480620153,103328.0,832.0,12416.0,32.2,0.4698919944255187,3.7,70.8,31.726154923485677,48.36477515423293,438,1,3.4719664525503626,3.878771762688171,-0.7552524097805315,3.4571414171454204,7.810349540192186,3.4571414171454204,832.0,3.878771762688171
Venray,2445.046357615894,44628.0,273.0,16318.0,34.9,0.442704131935108,3.3,73.1,18.687047628688568,36.21152904733802,90,1,3.5524868292083815,3.589377550097771,-0.8148536057996654,2.927830643697429,7.801819361899331,2.927830643697429,273.0,3.589377550097771
Vijfheerenlanden,3241.8110236220473,60052.0,411.0,14628.0,36.5,0.4165223472990075,3.0,75.1,21.085035781393675,17.7098537364032,62,1,3.597312260588446,2.8741211929465895,-0.8758151638350068,3.0485635842041345,8.083887410535631,3.0485635842041345,411.0,2.8741211929465895
Vlaardingen,3384.946808510638,75079.0,3214.0,2336.0,32.7,0.48369051265999813,4.0,71.7,62.255266418835184,10.302973934756183,0,0,3.487375077903208,2.33243258509039,-0.726310013445211,4.1312431328721315,8.127093471341267,0.0,0.0,0.0
Vlieland,4746.927927927928,1291.0,31.0,4184.0,42.7,0.4957397366382649,3.0,76.1,30.312499999999996,98.82711566595324,0,0,3.754198920234579,4.59337201715955,-0.7017042144929249,3.4115601686977017,8.46525293577921,0.0,0.0,0.0
Vlissingen,2586.0377358490564,45150.0,1314.0,3437.0,31.3,0.5147951273532669,3.4,70.4,36.95736350729252,78.87982872778753,181,1,3.443618097546108,4.367925538991154,-0.6639862684307042,3.6097649105519656,7.857882151587693,3.6097649105519656,1314.0,4.367925538991154
Voerendaal,2331.35,12405.0,394.0,3151.0,36.7,0.4712615880693269,2.8,71.4,12.692439274717756,15.921794371921235,219,1,3.6027767550605247,2.7676888858688367,-0.7523419504547101,2.5410064834842805,7.754202777914502,2.5410064834842805,394.0,2.7676888858688367
Voorne aan Zee,3492.967741935484,73945.0,607.0,12177.0,38.9,0.4528771384136858,3.1,72.2,23.557692307692307,24.295916214199636,0,0,3.660994250624401,3.1903082791945163,-0.7921344079150886,3.1594524043974,8.158507009704207,0.0,0.0,0.0
Voorschoten,4420.140495867769,25665.0,2309.0,1111.0,42.2,0.45088642119618155,3.1,73.6,36.10438990667127,11.11762761351441,260,1,3.742420221041966,2.408531921952928,-0.7965398088983779,3.5864144620085767,8.393926760961989,3.5864144620085767,2309.0,2.408531921952928
Voorst,3244.678082191781,25215.0,205.0,12293.0,37.9,0.43378941106484237,2.6,73.8,16.456390565002742,68.31677581538072,113,1,3.634951112088381,4.224155355968895,-0.8351960906041076,2.8007138859656293,8.084771419961893,2.8007138859656293,205.0,4.224155355968895
Vught,4209.298611111111,32113.0,535.0,6002.0,44.1,0.43446579266963536,2.7,75.5,23.04329128440367,29.53656196130281,63,1,3.7864597824528,3.3856288844565756,-0.8336380654089648,3.13737467651105,8.345051312110794,3.13737467651105,535.0,3.3856288844565756
Waadhoeke,1745.1847133757963,46718.0,164.0,28542.0,32.5,0.4596943362301468,3.3,72.4,10.337120506612033,63.56954483174513,169,1,3.481240089335692,4.152134500811705,-0.7771934968241725,2.3357413493119563,7.46461568197192,2.3357413493119563,164.0,4.152134500811705
Waalre,3748.53642384106,17980.0,803.0,2238.0,44.1,0.4482202447163515,3.0,74.5,17.198163543864002,3.9908012392178263,0,0,3.7864597824528,1.3839920225758162,-0.8024705497010999,2.8448026074134285,8.229120755806955,0.0,0.0,0.0
Waalwijk,3209.918699186992,49952.0,774.0,6454.0,34.3,0.4520339525944907,3.2,74.4,24.95128432240921,43.23917141960564,0,0,3.5351453541718945,3.7667468302286107,-0.7939979856115057,3.2169252967207562,8.074000888447243,0.0,0.0,0.0
Waddinxveen,3298.6,32601.0,1175.0,2775.0,36.9,0.4112757277384129,2.9,76.9,30.921837708830544,17.293340561696322,438,1,3.6082115510464816,2.85032148876557,-0.888491419009097,3.4314626562619517,8.101253415014053,3.4314626562619517,1175.0,2.85032148876557
Wageningen,4228.0,40960.0,1347.0,3042.0,27.4,0.453125,4.4,73.3,52.279094827586206,39.400289606086545,0,0,3.3105430133940246,3.673773166685162,-0.7915872533731978,3.9565965746731995,8.349484346990128,0.0,0.0,0.0
Wassenaar,5094.707006369426,27093.0,529.0,5118.0,56.6,0.4518141217288599,3.5,70.0,28.200310432154236,9.033306737323949,0,0,4.036008985209137,2.2009184950055305,-0.7944844188433959,3.3393329861158976,8.535957437893261,0.0,0.0,0.0
Waterland,3883.6015625,17609.0,339.0,5199.0,41.3,0.425634618660912,2.9,72.9,16.03735823882588,12.063064433676736,0,0,3.7208624999669873,2.4901482579995324,-0.85417400342408,2.774920890546546,8.264518239828796,0.0,0.0,0.0
Weert,2607.764705882353,50872.0,488.0,10425.0,34.8,0.46383079100487495,3.3,71.6,26.868960840820478,26.403462184890326,197,1,3.5496173867804286,3.2734951449207887,-0.7682354678242779,3.290971748296397,7.866248698839327,3.290971748296397,488.0,3.2734951449207887
West Betuwe,3158.191489361702,52720.0,244.0,21593.0,39.0,0.40680955993930196,2.8,76.0,10.243856949689933,26.220310786103127,304,1,3.6635616461296463,3.266534331282208,-0.8994101147414274,2.3266782039377403,8.057754829253946,2.3266782039377403,244.0,3.266534331282208
West Maas en Waal,2585.294478527607,20065.0,263.0,7619.0,36.6,0.4239720907052081,2.7,74.4,14.28235570706477,36.96785710873008,0,0,3.600048240407321,3.610048808291346,-0.8580876497251327,2.6590249087868556,7.857594698646843,0.0,0.0,0.0
Westerkwartier,2082.9939393939394,64946.0,179.0,36263.0,34.9,0.4298032211375604,2.9,74.2,9.97707243677008,15.27553850235674,147,1,3.5524868292083815,2.726252758273032,-0.8444278002984127,2.3002897042808863,7.641561531700301,2.3002897042808863,179.0,2.726252758273032
Westerveld,2290.518918918919,19860.0,71.0,27865.0,36.6,0.44093655589123865,2.7,69.1,9.992006394884093,46.10294363857431,0,0,3.600048240407321,3.8308768012953958,-0.8188542780769392,2.301785412823482,7.736533673025896,0.0,0.0,0.0
Westervoort,3053.72268907563,15114.0,2155.0,701.0,33.4,0.4476644170967315,3.3,71.6,13.287023352054389,59.99767974441769,107,1,3.5085558999826545,4.094305890547989,-0.8037113962400114,2.586787871119058,8.024116679126514,2.586787871119058,2155.0,4.094305890547989
Westerwolde,1998.5448717948718,26537.0,96.0,27577.0,31.8,0.45204808380751405,3.2,66.0,14.888296098699566,43.44495602028205,0,0,3.4594662897861315,3.7714947579827283,-0.7939667247027484,2.700575407555636,7.600174630636308,0.0,0.0,0.0
Westland,3687.7804878048782,114887.0,1423.0,8076.0,37.6,0.4094719158825629,2.7,77.9,24.896371404884892,10.042969104317113,0,0,3.6270040503958487,2.3068727980664434,-0.8928869595241933,3.214722066140043,8.212780062244777,0.0,0.0,0.0
Weststellingwerf,2521.9103448275864,26467.0,120.0,22020.0,32.5,0.4504099444591378,3.2,71.3,11.668484187568156,52.97061134150365,59,1,3.481240089335692,3.9697372567679863,-0.7975971232282446,2.4568915481935325,7.832771966657285,2.4568915481935325,120.0,3.9697372567679863
Wierden,2760.376712328767,24862.0,263.0,9460.0,38.4,0.4035878046818438,2.6,76.4,14.989037273270878,97.25486741500197,133,1,3.648057459593681,4.577335031785935,-0.9073612073074624,2.707319085453678,7.923122439371478,2.707319085453678,263.0,4.577335031785935
Wijchen,3038.7969924812032,41537.0,629.0,6604.0,36.4,0.4409803307894167,3.0,74.6,18.496478681006714,46.81130859240187,113,1,3.5945687746426946,3.846124810323966,-0.818755005914505,2.9175803723998195,8.019216989922509,2.9175803723998195,629.0,3.846124810323966
Wijdemeren,4664.704,24659.0,519.0,4754.0,45.0,0.4400421752706922,2.8,73.6,16.791079163210764,15.24465842633083,0,0,3.8066624897703196,2.7242291745697154,-0.8208847037754878,2.8208477431877874,8.447779660035746,0.0,0.0,0.0
Wijk bij Duurstede,3518.828125,23995.0,504.0,4758.0,38.6,0.43146488851844134,2.8,74.4,18.670916642519074,17.47867401386712,0,0,3.6532522764707855,2.8609815100198204,-0.8405691425262328,2.926967053430309,8.165883294128207,0.0,0.0,0.0
Winterswijk,1994.8980891719746,29253.0,212.0,13813.0,33.6,0.45721806310463886,3.1,72.1,22.57196261682243,106.2300384896486,193,1,3.5145260669691587,4.665606917115575,-0.7825948397390213,3.1167085439307227,7.598348244897359,3.1167085439307227,212.0,4.665606917115575
Woensdrecht,2632.0785714285716,22191.0,242.0,9166.0,35.0,0.4515344058402055,3.0,69.8,11.377245508982035,58.272076707241276,0,0,3.5553480614894135,4.065123019909674,-0.7951037056171216,2.4316153527377766,7.875529144366113,0.0,0.0,0.0
Woerden,3942.951612903226,53244.0,601.0,8855.0,39.6,0.4276350386898054,2.9,76.9,28.833062497255042,15.304303641109165,278,1,3.6788291182604347,2.7281340725781624,-0.8494851605087451,3.361522732066823,8.279684862157191,3.361522732066823,601.0,2.7281340725781624
De Wolden,2503.0118343195268,24602.0,110.0,22439.0,38.1,0.42903016014958134,2.6,73.0,13.955471340596873,59.06296301364304,0,0,3.6402142821326553,4.078604044607666,-0.8462280591463093,2.6358716421683006,7.825250019474743,0.0,0.0,0.0
Wormerland,4015.573913043478,16612.0,431.0,3851.0,37.4,0.4301107633036359,3.1,73.7,25.22043386983905,15.34918658091546,0,0,3.6216707044204863,2.731062481157803,-0.8437125143866765,3.2276545337924065,8.297935558393112,0.0,0.0,0.0
Woudenberg,3772.892307692308,14358.0,393.0,3652.0,38.5,0.3900961136648558,2.7,78.0,18.2467416532762,20.9096629832789,0,0,3.6506582412937387,3.0402113958204056,-0.941362124926596,2.9039865245419088,8.23559717667127,0.0,0.0,0.0
Zaanstad,3757.7961165048546,159618.0,2165.0,7374.0,34.1,0.4398626721297097,3.6,72.3,37.328015952143566,13.908183469318493,754,1,3.5292973842894715,2.6324774056978417,-0.8212927095820316,3.6197441426295924,8.231587925309757,3.6197441426295924,2165.0,2.6324774056978417
Zaltbommel,3123.6758620689657,30349.0,386.0,7865.0,36.6,0.3989258295166233,3.0,76.2,13.347650119765426,33.331301018923895,92,1,3.600048240407321,3.506496926028987,-0.9189797703079162,2.591340348361392,8.046765748236131,2.591340348361392,386.0,3.506496926028987
Zandvoort,5740.198113207547,17542.0,547.0,3208.0,37.5,0.560084368943108,3.5,69.5,52.80407124681934,24.514560633536917,90,1,3.624340932976365,3.199267252590434,-0.5796678477738649,3.966588294686964,8.65524900321409,3.966588294686964,547.0,3.199267252590434
Zeewolde,2958.4469696969695,23692.0,96.0,24711.0,36.6,0.39481681580280265,3.0,77.2,16.206970280094076,36.23654080191348,0,0,3.600048240407321,3.590068024133069,-0.9293333791110243,2.7854414139045764,7.9924197372297066,0.0,0.0,0.0
Zeist,4582.44537815126,66629.0,1374.0,4850.0,40.4,0.4519203349892689,3.6,73.1,45.60459632692371,9.164305970454409,130,1,3.698829784967104,2.2153161523418605,-0.794249364707508,3.820008508083764,8.429988059981339,3.820008508083764,1374.0,2.2153161523418605
Zevenaar,2641.871212121212,45042.0,486.0,9262.0,33.8,0.4591048354868789,3.2,71.7,18.090816770636877,68.49349864606046,148,1,3.520460802488973,4.226738830487425,-0.7784766952472958,2.8954044487824757,7.879242737535768,2.8954044487824757,486.0,4.226738830487425
Zoetermeer,3626.3055555555557,126998.0,3689.0,3443.0,35.5,0.4487550985054883,3.7,71.6,42.96292397045147,13.00265438308106,279,1,3.56953269648137,2.5651535199328888,-0.8012779776720718,3.7603375105113503,8.195969655705865,3.7603375105113503,3689.0,2.5651535199328888
Zoeterwoude,3785.1769230769232,9443.0,446.0,2116.0,40.2,0.4176638780048713,2.7,76.9,27.586206896551722,15.354058212832172,0,0,3.6938669956249752,2.7313798177774546,-0.8730782895405432,3.3173158976814534,8.238847907996272,0.0,0.0,0.0
Zuidplas,3720.736,46981.0,811.0,5796.0,39.6,0.4051212192162789,2.9,76.4,21.179004886250198,12.086396993520411,79,1,3.6788291182604347,2.4920806047869966,-0.903568949952053,3.0530103554174732,8.221676777159933,3.0530103554174732,811.0,2.4920806047869966
Zundert,2679.3694267515925,22518.0,187.0,12059.0,37.0,0.4414246380673239,2.8,72.8,13.078470824949697,50.72173350267047,0,0,3.6109179126442243,3.926354487436688,-0.8177479687124561,2.5709674297870997,7.893336757294689,0.0,0.0,0.0
Zutphen,3098.0593220338983,48510.0,1186.0,4092.0,33.2,0.48198309626881053,3.5,70.3,33.96775159317394,76.19381061233595,318,1,3.502549875922443,4.33328023383373,-0.7298462355282238,3.5254115919682496,8.03853116928732,3.5254115919682496,1186.0,4.33328023383373
Zwartewaterland,2466.7482993197277,23368.0,284.0,8236.0,36.0,0.3935296131461828,2.7,78.0,12.820791648542846,76.4069689648078,0,0,3.58351893845611,4.33607390882933,-0.9325989581845049,2.55106820064239,7.8106560842953545,0.0,0.0,0.0
Zwijndrecht,3218.1603773584907,45018.0,2217.0,2031.0,34.4,0.46265938069216755,3.5,72.0,39.821394276934896,14.44209687185162,125,1,3.5380565643793527,2.6701473356544385,-0.7707641744909941,3.6844043125116284,8.076565163898573,3.6844043125116284,2217.0,2.6701473356544385
Zwolle,3727.490909090909,132411.0,1196.0,11067.0,34.2,0.45672187356035376,3.4,76.2,36.08102521703183,82.93656265882358,781,1,3.5322256440685598,4.418076010251,-0.7836806651267312,3.585767109896925,8.22349060776024,3.585767109896925,1196.0,4.418076010251
