municipality,avg_price,avg_surface,population,pop_density,size,avg_income,schiphol_distance,station_count,express_train_station_count,interchange_intercity_station_count,interchange_local_train_station_count,intercity_station_count,local_train_station_count,mega_station_count,m2_price
Aa en Hunze,411021.0,183.0,25724.0,93.0,27606.0,36.7,153.22683676323877,0,0,0,0,0,0,0,2246.0163934426228
Aalsmeer,536574.0,126.0,33063.0,1645.0,2010.0,41.5,6.461962753581837,0,0,0,0,0,0,0,4258.523809523809
Aalten,318710.0,140.0,27244.0,282.0,9653.0,34.1,131.30381439861222,1,0,0,0,0,1,0,2276.5
Achtkarspelen,319773.0,142.0,28149.0,275.0,10221.0,31.2,137.2109917555231,1,0,0,0,0,0,0,2251.9225352112676
Alblasserdam,359952.0,109.0,20356.0,2320.0,877.0,35.2,50.51158090748316,0,0,0,0,0,0,0,3302.3119266055046
Albrandswaard,468361.0,129.0,26357.0,1217.0,2167.0,41.8,55.79176557881386,0,0,0,0,0,0,0,3630.705426356589
Alkmaar,393418.0,104.0,111834.0,1014.0,11031.0,35.0,31.883673212532784,2,0,1,0,0,1,0,3782.8653846153848
Almelo,306698.0,120.0,73949.0,1101.0,6718.0,31.5,129.98368708847872,2,0,1,0,0,1,0,2555.8166666666666
Almere,424531.0,113.0,222825.0,1725.0,12918.0,35.5,34.33355077658277,6,0,1,0,0,5,0,3756.9115044247787
Alphen aan den Rijn,401474.0,116.0,114182.0,907.0,12593.0,37.3,23.527992477226018,2,0,1,0,0,1,0,3460.9827586206898
Alphen-Chaam,461830.0,171.0,10463.0,113.0,9298.0,40.0,90.92576238608639,0,0,0,0,0,0,0,2700.7602339181285
Altena,404703.0,140.0,57726.0,289.0,19974.0,37.5,62.665671956277734,0,0,0,0,0,0,0,2890.7357142857145
Ameland,353454.0,144.0,3840.0,68.0,5659.0,47.5,142.64514172273348,0,0,0,0,0,0,0,2454.5416666666665
Amersfoort,466025.0,112.0,160759.0,2572.0,6249.0,37.6,46.03284512468587,4,0,1,0,0,3,0,4160.9375
Amstelveen,615382.0,108.0,94418.0,2297.0,4111.0,40.7,7.5709541608388085,0,0,0,0,0,0,0,5697.981481481482
Amsterdam,568161.0,77.0,918117.0,4880.0,18812.0,36.8,12.19478134807451,11,0,1,2,2,5,1,7378.714285714285
Apeldoorn,407625.0,120.0,167191.0,492.0,33986.0,35.3,81.05567257443909,3,0,1,0,0,2,0,3396.875
Arnhem,369114.0,104.0,165770.0,1696.0,9774.0,31.7,85.60612442685628,4,0,1,0,0,3,0,3549.173076923077
Assen,334100.0,119.0,69414.0,848.0,8188.0,32.8,143.5749485976062,1,0,1,0,0,0,0,2807.563025210084
Asten,439900.0,162.0,17242.0,246.0,7021.0,35.8,125.30289375961355,0,0,0,0,0,0,0,2715.432098765432
Baarle-Nassau,391221.0,163.0,7071.0,93.0,7612.0,35.8,97.95267853777173,0,0,0,0,0,0,0,2400.128834355828
Baarn,539068.0,118.0,25008.0,769.0,3254.0,41.5,37.225209980135006,1,0,0,1,0,0,0,4568.372881355932
Barendrecht,466518.0,127.0,48812.0,2493.0,1958.0,41.0,53.92236227685768,1,0,0,0,0,1,0,3673.3700787401576
Barneveld,488905.0,136.0,61655.0,351.0,17584.0,37.4,62.86253317508456,3,0,0,0,0,3,0,3594.889705882353
Beek,331369.0,147.0,16132.0,766.0,2107.0,35.7,170.36956802801254,1,0,0,0,0,1,0,2254.2108843537417
Beekdaelen,335685.0,165.0,35966.0,459.0,7830.0,35.8,172.70736697944017,2,0,0,0,0,2,0,2034.4545454545455
Beesel,344540.0,142.0,13449.0,482.0,2788.0,33.4,147.61134518509598,1,0,0,0,0,1,0,2426.3380281690143
Berg en Dal,427618.0,135.0,35420.0,410.0,8639.0,35.1,99.01831674439875,0,0,0,0,0,0,0,3167.5407407407406
Bergeijk,422328.0,172.0,19092.0,189.0,10102.0,39.2,119.0172191189721,0,0,0,0,0,0,0,2455.3953488372094
Bergen (L.),337950.0,158.0,13119.0,127.0,10326.0,34.2,122.05878472291214,0,0,0,0,0,0,0,2138.9240506329115
Bergen (NH.),688064.0,131.0,30138.0,304.0,9900.0,43.6,39.02611856852162,0,0,0,0,0,0,0,5252.396946564885
Bergen op Zoom,338389.0,121.0,68864.0,861.0,7997.0,34.4,95.7174621375446,1,0,0,0,0,1,0,2796.603305785124
Berkelland,401334.0,154.0,44022.0,171.0,25809.0,34.6,126.48935338373231,1,0,0,0,0,1,0,2606.064935064935
Bernheze,496395.0,162.0,32263.0,360.0,8973.0,38.9,87.91590673842714,0,0,0,0,0,0,0,3064.1666666666665
Best,452216.0,141.0,30897.0,912.0,3389.0,38.5,99.45422800701043,1,0,0,0,0,1,0,3207.205673758865
Beuningen,422424.0,137.0,26573.0,609.0,4360.0,37.3,84.33440737943383,0,0,0,0,0,0,0,3083.3868613138684
Beverwijk,369981.0,99.0,42711.0,2327.0,1835.0,34.1,19.753559797532642,1,0,0,0,0,1,0,3737.181818181818
De Bilt,608049.0,130.0,43884.0,663.0,6619.0,44.1,34.8867885660291,2,0,0,0,0,2,0,4677.3
Bladel,441886.0,154.0,21009.0,279.0,7533.0,37.4,110.15071506445747,0,0,0,0,0,0,0,2869.3896103896104
Blaricum,1070259.0,170.0,12490.0,1128.0,1107.0,62.8,35.2045390606476,0,0,0,0,0,0,0,6295.641176470588
Bloemendaal,1088814.0,166.0,23922.0,602.0,3977.0,74.3,13.192850227628474,2,0,0,0,0,2,0,6559.120481927711
Bodegraven-Reeuwijk,459624.0,131.0,36308.0,482.0,7540.0,40.6,27.843033081266725,1,0,0,0,0,1,0,3508.5801526717555
Boekel,445458.0,171.0,11163.0,324.0,3450.0,38.7,102.09281923191806,0,0,0,0,0,0,0,2605.0175438596493
Borger-Odoorn,345005.0,150.0,25919.0,94.0,27469.0,34.1,157.71722452975507,0,0,0,0,0,0,0,2300.0333333333333
Borne,378701.0,143.0,24524.0,944.0,2599.0,36.6,135.73553806305415,1,0,0,0,0,1,0,2648.2587412587413
Borsele,337098.0,147.0,23159.0,164.0,14147.0,36.4,116.12901288119853,0,0,0,0,0,0,0,2293.183673469388
Boxtel,445741.0,141.0,33748.0,489.0,6901.0,37.1,90.6480105527357,1,0,0,1,0,0,0,3161.2836879432625
Breda,437260.0,117.0,186438.0,1483.0,12569.0,36.1,81.18536665890008,2,0,1,0,0,1,0,3737.264957264957
Bronckhorst,448373.0,162.0,36277.0,128.0,28353.0,38.1,110.34450824411917,1,0,0,0,0,1,0,2767.7345679012346
Brummen,381877.0,131.0,21105.0,252.0,8363.0,36.5,96.148822857344,2,0,0,0,0,2,0,2915.091603053435
Brunssum,254101.0,125.0,27682.0,1606.0,1724.0,30.9,174.6386687898907,0,0,0,0,0,0,0,2032.808
Bunnik,550477.0,135.0,16026.0,434.0,3693.0,41.2,44.02153934034079,1,0,0,0,0,1,0,4077.607407407407
Bunschoten,441758.0,125.0,22500.0,740.0,3039.0,37.9,42.430530833443356,0,0,0,0,0,0,0,3534.064
Buren,489397.0,158.0,27725.0,208.0,13360.0,39.0,61.34710477849291,0,0,0,0,0,0,0,3097.4493670886077
Capelle aan den IJssel,365589.0,103.0,67552.0,4777.0,1414.0,34.5,43.55340889942568,1,0,0,0,0,1,0,3549.4077669902913
Castricum,484354.0,122.0,36345.0,732.0,4964.0,41.1,27.177132919053996,1,0,0,0,1,0,0,3970.1147540983607
Coevorden,352000.0,144.0,35700.0,121.0,29611.0,33.8,142.56900965898495,2,0,0,0,0,1,0,2444.4444444444443
Cranendonck,401855.0,156.0,20851.0,273.0,7650.0,36.6,128.45573349299073,1,0,0,0,0,1,0,2575.99358974359
Culemborg,427235.0,120.0,29729.0,1016.0,2927.0,36.4,51.7474675117453,1,0,0,0,0,1,0,3560.2916666666665
Dalfsen,453709.0,157.0,29612.0,179.0,16502.0,36.7,105.97887455427676,1,1,0,0,0,0,0,2889.8662420382166
Dantumadiel,332254.0,147.0,19194.0,227.0,8460.0,31.6,135.54279834852122,2,0,0,0,0,2,0,2260.2312925170068
Delft,388177.0,88.0,106086.0,4681.0,2266.0,29.7,43.96855568737282,2,0,1,0,0,1,0,4411.102272727273
Deurne,412143.0,162.0,32977.0,282.0,11676.0,35.5,122.64228085666896,1,0,0,0,0,1,0,2544.0925925925926
Deventer,367666.0,113.0,102781.0,787.0,13056.0,33.3,101.28319379530737,2,0,1,0,0,1,0,3253.6814159292035
Diemen,510732.0,90.0,32785.0,2744.0,1195.0,35.1,16.2462531120961,2,0,0,0,0,2,0,5674.8
Dijk en Waard,401787.0,119.0,88985.0,1438.0,6190.0,36.5,40.97009269643911,1,0,0,1,0,0,0,3376.361344537815
Dinkelland,396513.0,165.0,26743.0,152.0,17572.0,38.4,147.22186085060187,0,0,0,0,0,0,0,2403.109090909091
Doesburg,361938.0,122.0,11081.0,959.0,1156.0,32.8,100.9632992851348,0,0,0,0,0,0,0,2966.7049180327867
Doetinchem,366531.0,126.0,59195.0,749.0,7904.0,34.1,112.11549583552443,4,0,0,1,0,3,0,2908.9761904761904
Dongen,407522.0,136.0,27200.0,930.0,2923.0,36.5,76.99270494480332,0,0,0,0,0,0,0,2996.485294117647
Dordrecht,337051.0,104.0,121434.0,1566.0,7756.0,34.3,59.47168977422808,3,0,1,0,0,2,0,3240.875
Drechterland,443472.0,146.0,20385.0,346.0,5888.0,38.1,47.95852034190483,1,0,0,0,0,1,0,3037.4794520547944
Drimmelen,404271.0,143.0,27994.0,295.0,9505.0,37.6,68.51778653076461,0,0,0,0,0,0,0,2827.0699300699303
Dronten,391106.0,135.0,43593.0,131.0,33360.0,35.1,67.92181420233767,1,0,0,0,0,1,0,2897.0814814814817
Druten,393365.0,142.0,19505.0,520.0,3752.0,36.0,76.659175488192,0,0,0,0,0,0,0,2770.176056338028
Duiven,378523.0,128.0,24937.0,736.0,3388.0,35.9,95.8543418429368,1,0,0,0,0,1,0,2957.2109375
Echt-Susteren,323939.0,160.0,31967.0,310.0,10302.0,34.6,158.4859495567362,2,0,0,0,0,2,0,2024.61875
Edam-Volendam,401690.0,128.0,36760.0,677.0,5432.0,40.2,31.04061590669213,0,0,0,0,0,0,0,3138.203125
Ede,428788.0,120.0,122012.0,384.0,31815.0,36.4,71.88838213559723,4,0,1,0,0,3,0,3573.233333333333
Eemnes,469958.0,135.0,9598.0,309.0,3104.0,40.9,36.91130500081404,0,0,0,0,0,0,0,3481.17037037037
Eemsdelta,258900.0,141.0,45394.0,169.0,26807.0,31.0,180.0487874772239,5,0,0,0,0,5,0,1836.1702127659576
Eersel,497606.0,166.0,20004.0,243.0,8247.0,40.5,109.4468000380223,0,0,0,0,0,0,0,2997.626506024096
Eijsden-Margraten,401290.0,171.0,25991.0,335.0,7756.0,38.6,182.6845579521093,1,0,0,0,0,1,0,2346.7251461988303
Eindhoven,404275.0,108.0,243730.0,2769.0,8802.0,33.3,107.91094784815725,2,0,0,0,0,1,1,3743.287037037037
Elburg,391847.0,129.0,24037.0,377.0,6382.0,35.2,75.56513177951268,1,0,0,0,0,1,0,3037.5736434108526
Emmen,297463.0,132.0,108765.0,324.0,33533.0,31.5,157.33115822827057,3,3,0,0,0,0,0,2253.507575757576
Enkhuizen,340683.0,112.0,18885.0,1491.0,1266.0,34.8,56.8618086871655,1,0,0,0,0,1,0,3041.8125
Enschede,330955.0,107.0,161235.0,1146.0,14073.0,29.2,145.29796454336847,4,0,1,0,0,3,0,3093.03738317757
Epe,487968.0,136.0,33283.0,213.0,15612.0,37.0,81.98041413271734,0,0,0,0,0,0,0,3588.0
Ermelo,489950.0,131.0,27496.0,321.0,8564.0,37.5,62.64243003713937,1,0,0,0,0,1,0,3740.0763358778627
Etten-Leur,404599.0,127.0,44578.0,806.0,5529.0,35.6,82.44303491518464,1,0,0,0,1,0,0,3185.818897637795
De Fryske Marren,363811.0,152.0,51992.0,148.0,35121.0,35.1,93.82408314992531,0,0,0,0,0,0,0,2393.4934210526317
Geertruidenberg,386542.0,128.0,22099.0,831.0,2660.0,35.7,69.45250723064068,0,0,0,0,0,0,0,3019.859375
Geldrop-Mierlo,434446.0,133.0,40441.0,1304.0,3101.0,36.8,114.00088959483523,1,0,0,1,0,0,0,3266.5112781954886
Gemert-Bakel,438779.0,165.0,31383.0,257.0,12207.0,35.3,110.40071509831499,0,0,0,0,0,0,0,2659.266666666667
Gennep,381468.0,147.0,17764.0,373.0,4757.0,34.6,108.89878840420558,0,0,0,0,0,0,0,2595.0204081632655
Gilze en Rijen,404290.0,132.0,26815.0,410.0,6538.0,35.3,84.77027326661282,1,0,0,0,0,1,0,3062.8030303030305
Goeree-Overflakkee,386668.0,129.0,51590.0,197.0,26220.0,36.9,76.19021060138842,0,0,0,0,0,0,0,2997.4263565891474
Goes,344828.0,121.0,39433.0,426.0,9248.0,34.9,108.46327961428521,1,0,0,0,0,1,0,2849.818181818182
Goirle,469884.0,137.0,24177.0,563.0,4297.0,37.8,91.47609843843374,0,0,0,0,0,0,0,3429.810218978102
Gooise Meren,656361.0,124.0,60341.0,1456.0,4143.0,46.3,26.203986747515152,2,0,0,1,0,1,0,5293.2338709677415
Gorinchem,395739.0,106.0,38461.0,2055.0,1871.0,37.7,55.257518630721584,1,0,0,1,0,0,0,3733.3867924528304
Gouda,363025.0,102.0,75316.0,4565.0,1650.0,34.9,33.5102681211626,2,0,1,0,0,1,0,3559.0686274509803
's-Gravenhage,413689.0,94.0,562839.0,6827.0,8244.0,33.8,41.08488884158293,4,0,1,0,0,2,1,4400.946808510638
Groningen,349931.0,103.0,238147.0,1284.0,18553.0,28.7,161.10135159990887,4,0,1,0,0,3,0,3397.3883495145633
Gulpen-Wittem,355648.0,161.0,14210.0,194.0,7318.0,35.8,186.18883732600133,0,0,0,0,0,0,0,2208.9937888198756
Haaksbergen,371944.0,144.0,24502.0,234.0,10478.0,35.3,137.9497054414009,0,0,0,0,0,0,0,2582.9444444444443
Haarlem,507289.0,101.0,165396.0,5662.0,2921.0,37.6,10.174356641230732,2,0,1,0,0,1,0,5022.663366336634
Haarlemmermeer,507636.0,115.0,162300.0,823.0,19721.0,39.7,4.246556955120834,4,0,0,0,0,3,1,4414.226086956522
Halderberge,398819.0,142.0,31041.0,417.0,7444.0,35.6,82.09400735784004,1,0,0,0,0,1,0,2808.5845070422533
Hardenberg,349124.0,142.0,62509.0,200.0,31216.0,34.8,127.36002972350565,3,1,0,0,0,1,0,2458.6197183098593
Harderwijk,437767.0,116.0,48906.0,1256.0,3892.0,35.3,61.67953747584413,1,0,0,1,0,0,0,3773.853448275862
Hardinxveld-Giessendam,374112.0,115.0,18681.0,1108.0,1686.0,36.3,54.28454722784807,3,0,0,0,0,3,0,3253.1478260869567
Harlingen,298340.0,125.0,16188.0,649.0,2496.0,31.4,106.62640335460989,2,0,0,0,0,2,0,2386.72
Hattem,469519.0,139.0,12563.0,545.0,2307.0,38.0,90.25946713313797,0,0,0,0,0,0,0,3377.834532374101
Heemskerk,429159.0,113.0,39431.0,1446.0,2727.0,36.1,22.872292284425818,1,0,0,0,0,1,0,3797.8672566371683
Heemstede,708279.0,130.0,27778.0,3029.0,917.0,48.9,9.528303460275042,1,0,0,0,1,0,0,5448.3
Heerde,479099.0,129.0,19214.0,245.0,7855.0,36.1,89.05951564855133,0,0,0,0,0,0,0,3713.9457364341083
Heerenveen,362420.0,138.0,51637.0,272.0,18997.0,33.6,112.28070260686808,3,0,0,0,1,1,0,2626.231884057971
Heerlen,246595.0,115.0,87122.0,1940.0,4491.0,29.3,179.13700549372106,3,0,1,0,0,2,0,2144.304347826087
Heeze-Leende,482660.0,170.0,16627.0,160.0,10392.0,41.1,120.21698635910938,1,0,0,0,0,1,0,2839.176470588235
Heiloo,555327.0,123.0,24319.0,1300.0,1871.0,41.3,31.738046898073527,1,0,0,0,0,1,0,4514.8536585365855
Den Helder,262913.0,106.0,56539.0,1254.0,4510.0,32.1,67.36579620242398,2,0,0,0,1,1,0,2480.311320754717
Hellendoorn,378769.0,132.0,36261.0,263.0,13793.0,35.2,115.94211095690616,2,0,0,0,0,2,0,2869.462121212121
Helmond,389050.0,121.0,94898.0,1785.0,5317.0,33.5,112.29910325711766,4,0,1,0,0,3,0,3215.289256198347
Hendrik-Ido-Ambacht,413446.0,120.0,32183.0,3159.0,1019.0,38.8,53.30973547799413,0,0,0,0,0,0,0,3445.383333333333
Hengelo,323659.0,119.0,82311.0,1353.0,6084.0,32.8,138.25549371595514,3,0,1,0,0,2,0,2719.823529411765
's-Hertogenbosch,443955.0,115.0,158753.0,1450.0,10948.0,36.6,78.41852273771579,3,0,1,0,0,2,0,3860.478260869565
Heumen,436401.0,151.0,16824.0,423.0,3973.0,39.1,94.55438134236059,0,0,0,0,0,0,0,2890.072847682119
Heusden,445212.0,144.0,45830.0,581.0,7886.0,37.1,74.42534123964785,0,0,0,0,0,0,0,3091.75
Hillegom,428285.0,112.0,22453.0,1747.0,1286.0,36.8,11.836962065014683,1,0,0,0,0,1,0,3823.973214285714
Hilvarenbeek,520360.0,167.0,15949.0,168.0,9487.0,39.2,96.97188508278543,0,0,0,0,0,0,0,3115.9281437125746
Hilversum,505257.0,107.0,93345.0,2047.0,4561.0,38.7,30.432715010030748,3,0,1,0,0,2,0,4722.028037383177
Hoeksche Waard,405396.0,124.0,89760.0,334.0,26854.0,39.0,63.82751030166141,0,0,0,0,0,0,0,3269.3225806451615
Hof van Twente,396306.0,155.0,35455.0,167.0,21243.0,36.7,125.6063173641187,2,0,0,0,0,2,0,2556.8129032258066
Het Hogeland,285779.0,172.0,48298.0,101.0,47674.0,32.3,168.2475292649069,10,0,0,0,0,10,0,1661.5058139534883
Hollands Kroon,379619.0,145.0,49431.0,138.0,35763.0,35.2,58.77508152805658,1,0,0,0,0,1,0,2618.062068965517
Hoogeveen,307248.0,126.0,56433.0,442.0,12754.0,32.0,127.78827369711723,1,0,0,0,0,1,0,2438.4761904761904
Hoorn,379412.0,112.0,75216.0,3692.0,2037.0,34.8,43.66383354163187,2,0,1,0,0,1,0,3387.6071428571427
Horst aan de Maas,364033.0,162.0,43641.0,231.0,18867.0,35.9,131.2858314602682,1,0,0,0,0,1,0,2247.117283950617
Houten,525070.0,124.0,50581.0,921.0,5490.0,40.6,45.32168794403223,2,0,0,1,0,1,0,4234.435483870968
Huizen,531067.0,118.0,41252.0,2609.0,1581.0,39.3,32.96866324865305,0,0,0,0,0,0,0,4500.567796610169
Hulst,287857.0,144.0,27596.0,137.0,20126.0,35.1,119.89360005790094,0,0,0,0,0,0,0,1999.0069444444443
IJsselstein,475722.0,116.0,33492.0,1594.0,2101.0,39.2,37.44032234852361,0,0,0,0,0,0,0,4101.051724137931
Kaag en Braassem,487753.0,129.0,28573.0,453.0,6313.0,39.9,15.917125761640026,0,0,0,0,0,0,0,3781.031007751938
Kampen,353228.0,127.0,55614.0,394.0,14123.0,33.9,84.7051909651014,2,0,0,0,0,2,0,2781.3228346456694
Kapelle,374884.0,137.0,13051.0,351.0,3713.0,36.6,106.83284119365584,1,0,0,0,0,1,0,2736.3795620437954
Katwijk,467919.0,107.0,66607.0,2685.0,2481.0,36.8,26.143363601177008,0,0,0,0,0,0,0,4373.07476635514
Kerkrade,242591.0,128.0,45620.0,2082.0,2191.0,29.7,184.1095671033678,4,0,0,1,0,3,0,1895.2421875
Koggenland,399324.0,148.0,23509.0,293.0,8026.0,38.0,38.90724829290659,1,0,0,0,0,1,0,2698.135135135135
Krimpen aan den IJssel,425298.0,114.0,29504.0,3845.0,767.0,36.2,45.684044263426614,0,0,0,0,0,0,0,3730.684210526316
Krimpenerwaard,420436.0,129.0,57700.0,389.0,14832.0,37.3,40.337579731552204,0,0,0,0,0,0,0,3259.1937984496126
Laarbeek,434148.0,157.0,23260.0,420.0,5535.0,36.4,105.298077478147,0,0,0,0,0,0,0,2765.2738853503183
Land van Cuijk,395464.0,151.0,91423.0,268.0,34126.0,36.1,105.7496217337852,3,0,0,1,0,2,0,2618.9668874172185
Landgraaf,271284.0,133.0,37175.0,1512.0,2458.0,32.2,180.02822377848105,1,0,0,1,0,0,0,2039.7293233082708
Landsmeer,634565.0,124.0,11705.0,522.0,2244.0,41.8,19.179942875087303,0,0,0,0,0,0,0,5117.459677419355
Lansingerland,525887.0,130.0,64754.0,1216.0,5327.0,43.4,38.29898812823958,0,0,0,0,0,0,0,4045.2846153846153
Laren,1050433.0,157.0,11712.0,944.0,1241.0,62.9,32.81894154628858,0,0,0,0,0,0,0,6690.656050955414
Leeuwarden,294731.0,114.0,127073.0,535.0,23755.0,30.3,118.44363208772721,4,0,1,0,0,3,0,2585.3596491228072
Leiden,454317.0,94.0,127089.0,5816.0,2185.0,32.2,25.32012608237848,2,0,1,0,0,1,0,4833.159574468085
Leiderdorp,460174.0,112.0,27657.0,2406.0,1150.0,38.4,22.53932583311315,0,0,0,0,0,0,0,4108.696428571428
Leidschendam-Voorburg,446942.0,104.0,77753.0,2384.0,3261.0,39.0,33.437703570831125,3,0,0,1,0,2,0,4297.5192307692305
Lelystad,372216.0,126.0,83033.0,363.0,22900.0,33.2,52.32081303274036,1,0,1,0,0,0,0,2954.095238095238
Leudal,361361.0,166.0,36141.0,222.0,16251.0,36.4,142.8875756052024,0,0,0,0,0,0,0,2176.873493975904
Leusden,464698.0,128.0,31467.0,538.0,5851.0,40.7,50.24828826509205,0,0,0,0,0,0,0,3630.453125
Lingewaard,410498.0,132.0,47220.0,762.0,6196.0,36.4,93.71655247963642,0,0,0,0,0,0,0,3109.8333333333335
Lisse,448147.0,118.0,23390.0,1490.0,1570.0,37.5,15.394534595250251,0,0,0,0,0,0,0,3797.85593220339
Lochem,500226.0,162.0,34314.0,161.0,21305.0,39.7,109.99772041842654,1,0,0,0,0,1,0,3087.814814814815
Loon op Zand,414386.0,132.0,23797.0,477.0,4992.0,36.4,77.73749498470632,0,0,0,0,0,0,0,3139.287878787879
Lopik,450717.0,138.0,14704.0,195.0,7556.0,39.4,39.176715943249675,0,0,0,0,0,0,0,3266.0652173913045
Losser,344779.0,154.0,23362.0,237.0,9874.0,34.6,153.27092697520857,0,0,0,0,0,0,0,2238.8246753246754
Maasdriel,448639.0,144.0,26020.0,395.0,6588.0,37.3,70.85069269263238,0,0,0,0,0,0,0,3115.5486111111113
Maasgouw,344071.0,163.0,24305.0,532.0,4570.0,36.4,150.28398458859536,0,0,0,0,0,0,0,2110.865030674847
Maashorst,405092.0,145.0,58934.0,429.0,13733.0,36.4,93.53324959975899,0,0,0,0,0,0,0,2793.7379310344827
Maassluis,378651.0,109.0,35303.0,4180.0,844.0,34.7,55.1709690523993,0,0,0,0,0,0,0,3473.862385321101
Maastricht,374547.0,112.0,122734.0,2200.0,5579.0,29.5,175.39419865693424,3,0,1,1,0,1,0,3344.1696428571427
Medemblik,406510.0,144.0,46031.0,380.0,12123.0,35.8,50.92107456237826,0,0,0,0,0,0,0,2822.9861111111113
Meerssen,368487.0,157.0,18600.0,696.0,2673.0,37.3,171.87691646140533,2,1,0,0,0,1,0,2347.0509554140126
Meierijstad,435627.0,149.0,83715.0,455.0,18400.0,37.3,95.7803792154923,0,0,0,0,0,0,0,2923.6711409395975
Meppel,359845.0,114.0,35464.0,639.0,5550.0,33.8,107.4703833519562,1,0,0,1,0,0,0,3156.535087719298
Middelburg,345346.0,115.0,49956.0,1033.0,4838.0,33.7,117.8227242775965,2,0,0,0,0,2,0,3003.008695652174
Midden-Delfland,502410.0,134.0,19472.0,413.0,4719.0,42.1,49.27774450602414,0,0,0,0,0,0,0,3749.3283582089553
Midden-Drenthe,364967.0,156.0,33987.0,100.0,34062.0,35.2,135.82564828051036,1,0,0,0,0,1,0,2339.5320512820513
Midden-Groningen,307111.0,144.0,61554.0,221.0,27795.0,31.7,169.6387075284797,4,0,0,2,0,2,0,2132.715277777778
Moerdijk,375225.0,133.0,37711.0,237.0,15917.0,36.3,74.38675599629917,2,0,0,1,0,1,0,2821.2406015037595
Molenlanden,404893.0,138.0,45158.0,249.0,18157.0,39.6,48.47289765889764,1,0,0,0,0,1,0,2934.0072463768115
Montferland,357759.0,146.0,36882.0,349.0,10570.0,34.5,109.39650910995277,1,0,0,0,0,1,0,2450.404109589041
Montfoort,478504.0,132.0,13929.0,371.0,3758.0,39.8,32.680988259114734,0,0,0,0,0,0,0,3625.030303030303
Mook en Middelaar,456031.0,156.0,8043.0,463.0,1739.0,42.1,100.89465927406695,1,0,0,0,0,1,0,2923.275641025641
Neder-Betuwe,410710.0,144.0,25448.0,424.0,5999.0,35.3,72.46023720396762,3,0,0,0,0,3,0,2852.152777777778
Nederweert,391462.0,175.0,17499.0,175.0,9990.0,36.0,133.65356160541756,0,0,0,0,0,0,0,2236.925714285714
Nieuwegein,385704.0,104.0,65426.0,2794.0,2342.0,34.9,39.5546875088822,0,0,0,0,0,0,0,3708.6923076923076
Nieuwkoop,468956.0,139.0,29463.0,375.0,7846.0,40.1,16.143264855156385,0,0,0,0,0,0,0,3373.7841726618703
Nijkerk,478370.0,130.0,44975.0,649.0,6932.0,38.5,51.47582446690972,1,0,0,0,0,1,0,3679.769230769231
Nijmegen,396340.0,112.0,182480.0,3456.0,5281.0,30.3,91.36984282997139,5,0,1,0,0,4,0,3538.75
Nissewaard,335318.0,105.0,86833.0,1184.0,7331.0,34.5,62.32504099270153,0,0,0,0,0,0,0,3193.504761904762
Noardeast-Fryslân,279101.0,159.0,45812.0,121.0,37922.0,31.7,141.67636342414124,0,0,0,0,0,0,0,1755.3522012578617
Noord-Beveland,314504.0,127.0,7857.0,91.0,8600.0,37.0,106.14538642750207,0,0,0,0,0,0,0,2476.4094488188975
Noordenveld,395191.0,147.0,31591.0,159.0,19901.0,36.0,143.25418917039624,0,0,0,0,0,0,0,2688.374149659864
Noordoostpolder,330982.0,161.0,49729.0,109.0,45809.0,34.3,81.90806909984725,0,0,0,0,0,0,0,2055.7888198757764
Noordwijk,558030.0,120.0,45179.0,774.0,5834.0,40.1,18.582833392597873,0,0,0,0,0,0,0,4650.25
"Nuenen, Gerwen en Nederwetten",507646.0,151.0,24015.0,714.0,3365.0,41.3,108.0194600916607,0,0,0,0,0,0,0,3361.8940397350993
Nunspeet,466618.0,134.0,28731.0,223.0,12873.0,36.0,70.61554920567583,1,0,0,0,0,1,0,3482.223880597015
Oegstgeest,554888.0,129.0,25746.0,3530.0,729.0,47.1,23.59646026999734,0,0,0,0,0,0,0,4301.457364341085
Oirschot,445409.0,159.0,19217.0,189.0,10179.0,39.6,98.726477826759,0,0,0,0,0,0,0,2801.314465408805
Oisterwijk,548465.0,150.0,32941.0,411.0,8011.0,41.6,89.44033896039875,1,0,0,0,0,1,0,3656.4333333333334
Oldambt,265561.0,146.0,39044.0,172.0,22657.0,30.7,183.45764315302839,3,0,0,2,0,1,0,1818.9109589041095
Oldebroek,404930.0,140.0,24264.0,248.0,9766.0,34.9,82.22361966892159,1,0,0,0,0,1,0,2892.3571428571427
Oldenzaal,352349.0,130.0,31925.0,1481.0,2155.0,34.6,147.10015836926294,1,0,0,0,0,1,0,2710.376923076923
Olst-Wijhe,392170.0,145.0,18682.0,164.0,11366.0,36.2,95.56145748210344,2,0,0,0,2,0,0,2704.6206896551726
Ommen,414665.0,150.0,18955.0,105.0,17985.0,35.9,116.49467275525203,1,0,0,0,0,0,0,2764.4333333333334
Oost Gelre,335834.0,152.0,29846.0,271.0,10993.0,36.1,129.36320757590906,1,0,0,0,0,1,0,2209.434210526316
Oosterhout,383798.0,127.0,57425.0,804.0,7143.0,36.1,75.81456851712832,0,0,0,0,0,0,0,3022.031496062992
Ooststellingwerf,340529.0,124.0,25837.0,116.0,22330.0,32.9,127.3613131442368,0,0,0,0,0,0,0,2746.201612903226
Oostzaan,512640.0,114.0,9720.0,841.0,1156.0,38.8,17.45281390665664,0,0,0,0,0,0,0,4496.8421052631575
Opmeer,406119.0,142.0,12180.0,294.0,4148.0,37.2,46.46901560019555,0,0,0,0,0,0,0,2859.992957746479
Opsterland,356626.0,162.0,30054.0,134.0,22440.0,34.7,122.9670737724641,0,0,0,0,0,0,0,2201.395061728395
Oss,391472.0,135.0,94437.0,583.0,16201.0,35.0,79.80378146980722,3,0,1,0,0,2,0,2899.7925925925924
Oude IJsselstreek,340047.0,151.0,39613.0,291.0,13607.0,33.5,122.17721710162031,2,0,0,0,0,2,0,2251.9668874172185
Ouder-Amstel,630471.0,122.0,14276.0,596.0,2395.0,43.3,11.627123162698828,1,0,0,1,0,0,0,5167.795081967213
Oudewater,449685.0,136.0,10232.0,263.0,3890.0,40.1,33.08590754314561,0,0,0,0,0,0,0,3306.5073529411766
Overbetuwe,433469.0,137.0,48707.0,447.0,10903.0,37.1,82.77024724008088,2,0,0,1,0,1,0,3164.007299270073
Papendrecht,363336.0,112.0,32277.0,3428.0,941.0,35.9,53.83540903496063,0,0,0,0,0,0,0,3244.0714285714284
Peel en Maas,371634.0,161.0,45276.0,284.0,15935.0,35.4,138.54328672592843,0,0,0,0,0,0,0,2308.285714285714
Pekela,215756.0,147.0,12404.0,253.0,4904.0,29.5,171.9078315530362,0,0,0,0,0,0,0,1467.7278911564626
Pijnacker-Nootdorp,529527.0,131.0,57672.0,1564.0,3687.0,41.9,39.993961738865536,0,0,0,0,0,0,0,4042.1908396946565
Purmerend,418835.0,110.0,93992.0,1004.0,9361.0,35.4,28.149194282623743,3,0,0,1,0,2,0,3807.590909090909
Putten,525344.0,136.0,24904.0,292.0,8521.0,37.7,57.551631884419436,1,0,0,0,0,1,0,3862.823529411765
Raalte,421573.0,149.0,38500.0,225.0,17097.0,35.5,104.25733330272432,2,0,0,0,0,2,0,2829.3489932885905
Reimerswaal,309829.0,127.0,23255.0,229.0,10176.0,34.7,106.27002211030506,3,0,0,0,0,3,0,2439.5984251968503
Renkum,454631.0,130.0,31461.0,685.0,4596.0,38.9,79.43067922442822,2,0,0,0,0,2,0,3497.1615384615384
Renswoude,419133.0,150.0,5747.0,313.0,1839.0,59.4,60.26231215011699,0,0,0,0,0,0,0,2794.22
Reusel-De Mierden,435659.0,164.0,13542.0,174.0,7781.0,37.2,107.77927372306554,0,0,0,0,0,0,0,2656.4573170731705
Rheden,393825.0,120.0,43570.0,533.0,8177.0,34.6,94.26372814908821,3,0,0,0,1,2,0,3281.875
Rhenen,493055.0,130.0,20329.0,484.0,4202.0,37.8,66.89087658034036,1,0,0,1,0,0,0,3792.730769230769
Ridderkerk,339295.0,104.0,47477.0,2022.0,2348.0,34.9,50.696383694160694,0,0,0,0,0,0,0,3262.451923076923
Rijssen-Holten,390878.0,137.0,38493.0,409.0,9412.0,37.6,114.74288831383512,2,0,0,0,0,2,0,2853.124087591241
Rijswijk,385294.0,102.0,57997.0,4150.0,1398.0,35.4,42.40618553579998,1,0,0,0,0,1,0,3777.392156862745
Roerdalen,330300.0,159.0,20702.0,235.0,8821.0,34.9,157.69580869022744,0,0,0,0,0,0,0,2077.3584905660377
Roermond,344337.0,128.0,59981.0,989.0,6064.0,32.8,151.38394075681867,2,0,1,0,0,1,0,2690.1328125
De Ronde Venen,510413.0,134.0,45572.0,457.0,9968.0,43.5,15.315669470050937,1,0,0,0,0,1,0,3809.0522388059703
Roosendaal,342488.0,122.0,77613.0,729.0,10650.0,33.8,91.99485077059101,1,0,1,0,0,0,0,2807.27868852459
Rotterdam,383652.0,90.0,663900.0,3040.0,21842.0,31.8,52.78950052505125,7,0,0,0,1,4,1,4262.8
Rozendaal,739742.0,194.0,1754.0,63.0,2790.0,81.4,88.56916228079874,0,0,0,0,0,0,0,3813.103092783505
Rucphen,428608.0,151.0,23636.0,367.0,6438.0,34.7,89.0860990614688,0,0,0,0,0,0,0,2838.46357615894
Schagen,361248.0,142.0,47450.0,282.0,16799.0,36.6,52.110429772337234,1,0,0,0,0,1,0,2544.0
Scherpenzeel,445731.0,96.0,10386.0,753.0,1379.0,37.4,57.25259493292109,0,0,0,0,0,0,0,4643.03125
Schiedam,312009.0,96.0,80628.0,4528.0,1781.0,32.7,49.859636052908535,1,0,0,0,0,1,0,3250.09375
Schiermonnikoog,392520.0,121.0,982.0,23.0,4293.0,42.4,164.18434224564066,0,0,0,0,0,0,0,3243.96694214876
Schouwen-Duiveland,426422.0,135.0,34561.0,151.0,22860.0,37.0,90.86892055180776,0,0,0,0,0,0,0,3158.6814814814816
Simpelveld,305913.0,150.0,10396.0,649.0,1603.0,33.5,186.26309151982116,0,0,0,0,0,0,0,2039.42
Sint-Michielsgestel,508033.0,160.0,30135.0,516.0,5835.0,40.3,84.9860968627197,0,0,0,0,0,0,0,3175.20625
Sittard-Geleen,299110.0,127.0,92234.0,1173.0,7861.0,32.7,163.6513077645074,3,0,1,0,0,2,0,2355.196850393701
Sliedrecht,348242.0,105.0,26184.0,2038.0,1285.0,33.9,54.031197183964295,2,0,0,0,0,2,0,3316.5904761904762
Sluis,343411.0,137.0,23243.0,83.0,27860.0,34.3,138.63754968095049,0,0,0,0,0,0,0,2506.6496350364964
Smallingerland,311690.0,131.0,56098.0,479.0,11717.0,32.2,124.20193860991404,0,0,0,0,0,0,0,2379.312977099237
Soest,496039.0,121.0,47439.0,1026.0,4625.0,39.5,41.33171337407354,3,0,0,1,0,2,0,4099.495867768595
Someren,410727.0,164.0,20061.0,250.0,8010.0,37.1,122.67260806564734,0,0,0,0,0,0,0,2504.432926829268
Son en Breugel,525199.0,152.0,18010.0,694.0,2595.0,42.0,102.10724239443955,0,0,0,0,0,0,0,3455.2565789473683
Stadskanaal,265130.0,122.0,32135.0,273.0,11763.0,30.5,170.5581185273524,0,0,0,0,0,0,0,2173.1967213114754
Staphorst,348135.0,213.0,17628.0,132.0,13394.0,37.0,104.94288184855492,0,0,0,0,0,0,0,1634.4366197183099
Stede Broec,361141.0,125.0,22138.0,1529.0,1448.0,34.6,53.76298698427431,2,0,0,0,0,2,0,2889.128
Steenbergen,340642.0,135.0,24610.0,168.0,14650.0,34.4,84.96012604401513,0,0,0,0,0,0,0,2523.274074074074
Steenwijkerland,364946.0,151.0,45376.0,157.0,28831.0,34.4,99.54549141911397,1,0,0,0,1,0,0,2416.860927152318
Stein,307129.0,142.0,24772.0,1184.0,2092.0,34.2,165.5077578146254,1,0,0,0,0,1,0,2162.8802816901407
Stichtse Vecht,463136.0,121.0,65771.0,685.0,9604.0,41.0,23.77115973845052,2,0,0,1,0,1,0,3827.5702479338843
Súdwest-Fryslân,333187.0,151.0,90883.0,174.0,52270.0,33.6,95.56986044674022,7,0,0,1,0,6,0,2206.53642384106
Terneuzen,279351.0,126.0,54993.0,220.0,25013.0,33.9,130.0373726132127,0,0,0,0,0,0,0,2217.0714285714284
Terschelling,519238.0,137.0,4928.0,57.0,8721.0,34.5,126.61016576000071,0,0,0,0,0,0,0,3790.058394160584
Texel,435091.0,125.0,13979.0,86.0,16226.0,35.2,85.06391063868404,0,0,0,0,0,0,0,3480.728
Teylingen,478659.0,119.0,38510.0,1360.0,2832.0,41.3,19.659651349809327,2,0,0,0,0,2,0,4022.344537815126
Tholen,301243.0,135.0,26825.0,183.0,14672.0,34.5,92.53194768022892,0,0,0,0,0,0,0,2231.4296296296297
Tiel,367705.0,115.0,42604.0,1299.0,3280.0,33.0,65.76721336009086,2,0,0,1,0,1,0,3197.4347826086955
Tilburg,371491.0,111.0,227707.0,1809.0,12589.0,31.4,84.51253952521611,3,0,1,0,0,2,0,3346.765765765766
Tubbergen,408662.0,196.0,21408.0,146.0,14700.0,37.6,138.1704747575214,0,0,0,0,0,0,0,2085.0102040816328
Twenterand,338159.0,148.0,33867.0,319.0,10614.0,33.1,126.38701805592216,2,0,0,0,0,2,0,2284.858108108108
Tynaarlo,441709.0,146.0,34592.0,242.0,14288.0,39.1,152.31407382456268,0,0,0,0,0,0,0,3025.404109589041
Tytsjerksteradiel,327843.0,151.0,32408.0,218.0,14863.0,33.8,127.86412446770261,1,0,0,0,0,1,0,2171.1456953642382
Uitgeest,430433.0,123.0,13472.0,703.0,1916.0,38.9,23.264568014926468,1,0,0,1,0,0,0,3499.4552845528456
Uithoorn,492522.0,117.0,31442.0,1735.0,1812.0,38.1,9.251011345015502,0,0,0,0,0,0,0,4209.589743589743
Urk,346323.0,128.0,21829.0,1661.0,1314.0,34.9,70.77067447116568,0,0,0,0,0,0,0,2705.6484375
Utrecht,474406.0,95.0,367947.0,3924.0,9377.0,34.9,33.42734464613383,9,0,0,2,0,6,1,4993.747368421053
Utrechtse Heuvelrug,565002.0,132.0,50429.0,382.0,13202.0,42.3,53.73098169419451,2,0,0,2,0,0,0,4280.318181818182
Vaals,339157.0,123.0,10190.0,427.0,2389.0,30.6,191.36577021339514,0,0,0,0,0,0,0,2757.3739837398375
Valkenburg aan de Geul,374549.0,144.0,16423.0,447.0,3673.0,35.8,178.09308510373975,2,0,0,0,0,1,0,2601.034722222222
Valkenswaard,445032.0,131.0,31527.0,574.0,5491.0,35.8,120.35556392296483,0,0,0,0,0,0,0,3397.1908396946565
Veendam,269888.0,124.0,27616.0,364.0,7593.0,31.3,167.44146130603622,1,0,0,1,0,0,0,2176.516129032258
Veenendaal,393050.0,111.0,68525.0,3528.0,1942.0,35.0,63.975763274425155,2,0,0,1,0,1,0,3540.990990990991
Veere,450324.0,140.0,22045.0,166.0,13299.0,38.4,118.99014032364528,0,0,0,0,0,0,0,3216.6
Veldhoven,486364.0,134.0,46417.0,1465.0,3168.0,38.5,109.58575203740186,0,0,0,0,0,0,0,3629.582089552239
Velsen,445225.0,103.0,68790.0,1528.0,4503.0,35.8,16.860597605384207,3,0,0,0,0,3,0,4322.57281553398
Venlo,318113.0,129.0,103328.0,832.0,12416.0,32.2,141.20569851695655,3,0,1,0,0,2,0,2465.9922480620153
Venray,369202.0,151.0,44628.0,273.0,16318.0,34.9,121.93793738929335,1,0,0,1,0,0,0,2445.046357615894
Vijfheerenlanden,411710.0,127.0,60052.0,411.0,14628.0,36.5,47.170130332253024,1,0,0,0,0,1,0,3241.8110236220473
Vlaardingen,318185.0,94.0,75079.0,3214.0,2336.0,32.7,52.770378928681225,0,0,0,0,0,0,0,3384.946808510638
Vlieland,526909.0,111.0,1291.0,31.0,4184.0,42.7,105.51272391215204,0,0,0,0,0,0,0,4746.927927927928
Vlissingen,274120.0,106.0,45150.0,1314.0,3437.0,31.3,122.9666668851893,2,0,1,0,0,1,0,2586.0377358490564
Voerendaal,373016.0,160.0,12405.0,394.0,3151.0,36.7,179.9795204500614,3,0,0,0,0,3,0,2331.35
Voorne aan Zee,433128.0,124.0,73945.0,607.0,12177.0,38.9,64.47932352253706,0,0,0,0,0,0,0,3492.967741935484
Voorschoten,534837.0,121.0,25665.0,2309.0,1111.0,42.2,29.989214571703855,2,0,0,0,0,2,0,4420.140495867769
Voorst,473723.0,146.0,25215.0,205.0,12293.0,37.9,92.42822463055666,2,0,0,0,0,2,0,3244.678082191781
Vught,606139.0,144.0,32113.0,535.0,6002.0,44.1,81.323524803203,1,0,0,0,0,1,0,4209.298611111111
Waadhoeke,273994.0,157.0,46718.0,164.0,28542.0,32.5,116.57090247106977,3,0,0,0,0,3,0,1745.1847133757963
Waalre,566029.0,151.0,17980.0,803.0,2238.0,44.1,114.38930036689572,0,0,0,0,0,0,0,3748.53642384106
Waalwijk,394820.0,123.0,49952.0,774.0,6454.0,34.3,71.623247174356,0,0,0,0,0,0,0,3209.918699186992
Waddinxveen,395832.0,120.0,32601.0,1175.0,2775.0,36.9,31.185676873732305,4,0,0,0,0,4,0,3298.6
Wageningen,448168.0,106.0,40960.0,1347.0,3042.0,27.4,73.25267147513702,0,0,0,0,0,0,0,4228.0
Wassenaar,799869.0,157.0,27093.0,529.0,5118.0,56.6,32.24542228516038,0,0,0,0,0,0,0,5094.707006369426
Waterland,497101.0,128.0,17609.0,339.0,5199.0,41.3,23.66251297108848,0,0,0,0,0,0,0,3883.6015625
Weert,354656.0,136.0,50872.0,488.0,10425.0,34.8,136.72277600376108,1,0,0,0,1,0,0,2607.764705882353
West Betuwe,445305.0,141.0,52720.0,244.0,21593.0,39.0,59.59802183619691,2,0,0,1,0,1,0,3158.191489361702
West Maas en Waal,421403.0,163.0,20065.0,263.0,7619.0,36.6,72.65716185910028,0,0,0,0,0,0,0,2585.294478527607
Westerkwartier,343694.0,165.0,64946.0,179.0,36263.0,34.9,146.64022225142196,2,0,0,0,0,2,0,2082.9939393939394
Westerveld,423746.0,185.0,19860.0,71.0,27865.0,36.6,119.650440940877,0,0,0,0,0,0,0,2290.518918918919
Westervoort,363393.0,119.0,15114.0,2155.0,701.0,33.4,92.5257181821725,1,0,0,0,0,1,0,3053.72268907563
Westerwolde,311773.0,156.0,26537.0,96.0,27577.0,31.8,177.80197361191404,0,0,0,0,0,0,0,1998.5448717948718
Westland,453597.0,123.0,114887.0,1423.0,8076.0,37.6,50.76615388084571,0,0,0,0,0,0,0,3687.7804878048782
Weststellingwerf,365677.0,145.0,26467.0,120.0,22020.0,32.5,105.97490528646485,1,0,0,0,0,1,0,2521.9103448275864
Wierden,403015.0,146.0,24862.0,263.0,9460.0,38.4,123.18199767063075,1,0,0,1,0,0,0,2760.376712328767
Wijchen,404160.0,133.0,41537.0,629.0,6604.0,36.4,85.60353363484877,1,0,0,0,0,1,0,3038.7969924812032
Wijdemeren,583088.0,125.0,24659.0,519.0,4754.0,45.0,25.042638873602822,0,0,0,0,0,0,0,4664.704
Wijk bij Duurstede,450410.0,128.0,23995.0,504.0,4758.0,38.6,53.1329259356903,0,0,0,0,0,0,0,3518.828125
Winterswijk,313199.0,157.0,29253.0,212.0,13813.0,33.6,140.3439113645163,2,0,0,1,0,1,0,1994.8980891719746
Woensdrecht,368491.0,140.0,22191.0,242.0,9166.0,35.0,104.81108984947977,0,0,0,0,0,0,0,2632.0785714285716
Woerden,488926.0,124.0,53244.0,601.0,8855.0,39.6,25.341003814591883,1,0,0,1,0,0,0,3942.951612903226
De Wolden,423009.0,169.0,24602.0,110.0,22439.0,38.1,118.05143409570634,0,0,0,0,0,0,0,2503.0118343195268
Wormerland,461791.0,115.0,16612.0,431.0,3851.0,37.4,22.007090372711794,0,0,0,0,0,0,0,4015.573913043478
Woudenberg,490476.0,130.0,14358.0,393.0,3652.0,38.5,53.112775590788054,0,0,0,0,0,0,0,3772.892307692308
Zaanstad,387053.0,103.0,159618.0,2165.0,7374.0,34.1,16.561476002882344,6,0,1,1,0,4,0,3757.7961165048546
Zaltbommel,452933.0,145.0,30349.0,386.0,7865.0,36.6,64.69530431729184,1,0,0,0,0,1,0,3123.6758620689657
Zandvoort,608461.0,106.0,17542.0,547.0,3208.0,37.5,14.677100098283304,1,0,0,0,0,1,0,5740.198113207547
Zeewolde,390515.0,132.0,23692.0,96.0,24711.0,36.6,47.913746884634314,0,0,0,0,0,0,0,2958.4469696969695
Zeist,545311.0,119.0,66629.0,1374.0,4850.0,40.4,41.87981316594523,1,0,0,1,0,0,0,4582.44537815126
Zevenaar,348727.0,132.0,45042.0,486.0,9262.0,33.8,101.12384196903918,1,0,0,1,0,0,0,2641.871212121212
Zoetermeer,391641.0,108.0,126998.0,3689.0,3443.0,35.5,33.29522269095023,3,0,0,1,0,2,0,3626.3055555555557
Zoeterwoude,492073.0,130.0,9443.0,446.0,2116.0,40.2,27.46205329176962,0,0,0,0,0,0,0,3785.1769230769232
Zuidplas,465092.0,125.0,46981.0,811.0,5796.0,39.6,36.5794587564619,1,0,0,0,0,1,0,3720.736
Zundert,420661.0,157.0,22518.0,187.0,12059.0,37.0,93.23729710875517,0,0,0,0,0,0,0,2679.3694267515925
Zutphen,365571.0,118.0,48510.0,1186.0,4092.0,33.2,103.20904401847521,1,0,1,0,0,0,0,3098.0593220338983
Zwartewaterland,362612.0,147.0,23368.0,284.0,8236.0,36.0,94.66348955118384,0,0,0,0,0,0,0,2466.7482993197277
Zwijndrecht,341125.0,106.0,45018.0,2217.0,2031.0,34.4,55.75034309893619,1,0,0,0,0,1,0,3218.1603773584907
Zwolle,410024.0,110.0,132411.0,1196.0,11067.0,34.2,95.7437733561072,2,0,1,0,0,1,0,3727.490909090909
